objective,nbhOperator,Nsize,neighborIdx,lsIter,globalIter,instance,alpha
5882.1,NA,NA,NA,NA,0,la38,0
8662.7,NA,NA,NA,NA,1,la38,0
6001.3,NA,NA,NA,NA,2,la38,0
6783.5,NA,NA,NA,NA,3,la38,0
6994.7,NA,NA,NA,NA,4,la38,0
7779.1,NA,NA,NA,NA,5,la38,0
6496.7,NA,NA,NA,NA,6,la38,0
6118.3,NA,NA,NA,NA,7,la38,0
6077.7,NA,NA,NA,NA,8,la38,0
6157.9,NA,NA,NA,NA,9,la38,0
8157.1,NA,NA,NA,NA,10,la38,0
5767.9,NA,NA,NA,NA,11,la38,0
5161.3,NA,NA,NA,NA,12,la38,0
6408.9,NA,NA,NA,NA,13,la38,0
8543.9,NA,NA,NA,NA,14,la38,0
8795.3,NA,NA,NA,NA,15,la38,0
5838.7,NA,NA,NA,NA,16,la38,0
6144.7,NA,NA,NA,NA,17,la38,0
6210.7,NA,NA,NA,NA,18,la38,0
5630.4,NA,NA,NA,NA,19,la38,0
7930.9,NA,NA,NA,NA,20,la38,0
6563.7,NA,NA,NA,NA,21,la38,0
7018.1,NA,NA,NA,NA,22,la38,0
8222.7,NA,NA,NA,NA,23,la38,0
7793.1,NA,NA,NA,NA,24,la38,0
6864.5,NA,NA,NA,NA,25,la38,0
6362.5,NA,NA,NA,NA,26,la38,0
6802.1,NA,NA,NA,NA,27,la38,0
5969.3,NA,NA,NA,NA,28,la38,0
7170.9,NA,NA,NA,NA,29,la38,0
5781.5,NA,NA,NA,NA,30,la38,0
9132.7,NA,NA,NA,NA,31,la38,0
7112.7,NA,NA,NA,NA,32,la38,0
6510.3,NA,NA,NA,NA,33,la38,0
5190.9,NA,NA,NA,NA,34,la38,0
7715.9,NA,NA,NA,NA,35,la38,0
8981.3,NA,NA,NA,NA,36,la38,0
7954.7,NA,NA,NA,NA,37,la38,0
6853.7,NA,NA,NA,NA,38,la38,0
7678.1,NA,NA,NA,NA,39,la38,0
5831.9,NA,NA,NA,NA,40,la38,0
5914.1,NA,NA,NA,NA,41,la38,0
6792.7,NA,NA,NA,NA,42,la38,0
7314.7,NA,NA,NA,NA,43,la38,0
7485.1,NA,NA,NA,NA,44,la38,0
7435.3,NA,NA,NA,NA,45,la38,0
8318.1,NA,NA,NA,NA,46,la38,0
5123.7,NA,NA,NA,NA,47,la38,0
7144.1,NA,NA,NA,NA,48,la38,0
5716.7,NA,NA,NA,NA,49,la38,0
7173.1,NA,NA,NA,NA,50,la38,0
4583.9,NA,NA,NA,NA,51,la38,0
6767.3,NA,NA,NA,NA,52,la38,0
7733.7,NA,NA,NA,NA,53,la38,0
4379.8,NA,NA,NA,NA,54,la38,0
5072.9,NA,NA,NA,NA,55,la38,0
7598.9,NA,NA,NA,NA,56,la38,0
6751.7,NA,NA,NA,NA,57,la38,0
10344.9,NA,NA,NA,NA,58,la38,0
7708.1,NA,NA,NA,NA,59,la38,0
5874.7,NA,NA,NA,NA,60,la38,0
6099.1,NA,NA,NA,NA,61,la38,0
8389.3,NA,NA,NA,NA,62,la38,0
7642.3,NA,NA,NA,NA,63,la38,0
8136.9,NA,NA,NA,NA,64,la38,0
6865.1,NA,NA,NA,NA,65,la38,0
6661.9,NA,NA,NA,NA,66,la38,0
8585.9,NA,NA,NA,NA,67,la38,0
6396.9,NA,NA,NA,NA,68,la38,0
5731.1,NA,NA,NA,NA,69,la38,0
8006.9,NA,NA,NA,NA,70,la38,0
7573.1,NA,NA,NA,NA,71,la38,0
8106.9,NA,NA,NA,NA,72,la38,0
6771.3,NA,NA,NA,NA,73,la38,0
7898.1,NA,NA,NA,NA,74,la38,0
6767.7,NA,NA,NA,NA,75,la38,0
6605.5,NA,NA,NA,NA,76,la38,0
6893.7,NA,NA,NA,NA,77,la38,0
7191.7,NA,NA,NA,NA,78,la38,0
6887.7,NA,NA,NA,NA,79,la38,0
8507.5,NA,NA,NA,NA,80,la38,0
8037.9,NA,NA,NA,NA,81,la38,0
5959.5,NA,NA,NA,NA,82,la38,0
8017.5,NA,NA,NA,NA,83,la38,0
6094.5,NA,NA,NA,NA,84,la38,0
7420.7,NA,NA,NA,NA,85,la38,0
8689.7,NA,NA,NA,NA,86,la38,0
6881.9,NA,NA,NA,NA,87,la38,0
8309.7,NA,NA,NA,NA,88,la38,0
5872.7,NA,NA,NA,NA,89,la38,0
7923.9,NA,NA,NA,NA,90,la38,0
6698.3,NA,NA,NA,NA,91,la38,0
7166.9,NA,NA,NA,NA,92,la38,0
6808.7,NA,NA,NA,NA,93,la38,0
6611.9,NA,NA,NA,NA,94,la38,0
9077.7,NA,NA,NA,NA,95,la38,0
6059.7,NA,NA,NA,NA,96,la38,0
6096.3,NA,NA,NA,NA,97,la38,0
6516.7,NA,NA,NA,NA,98,la38,0
6134.7,NA,NA,NA,NA,99,la38,0
8157.7,NA,NA,NA,NA,100,la38,0
6008.5,NA,NA,NA,NA,101,la38,0
8037.9,NA,NA,NA,NA,102,la38,0
5987.9,NA,NA,NA,NA,103,la38,0
6076.7,NA,NA,NA,NA,104,la38,0
7336.5,NA,NA,NA,NA,105,la38,0
7784.7,NA,NA,NA,NA,106,la38,0
6959.5,NA,NA,NA,NA,107,la38,0
7454.5,NA,NA,NA,NA,108,la38,0
9854.7,NA,NA,NA,NA,109,la38,0
6433.7,NA,NA,NA,NA,110,la38,0
4745.7,NA,NA,NA,NA,111,la38,0
7611.9,NA,NA,NA,NA,112,la38,0
7576.7,NA,NA,NA,NA,113,la38,0
5046.9,NA,NA,NA,NA,114,la38,0
7375.1,NA,NA,NA,NA,115,la38,0
5719.3,NA,NA,NA,NA,116,la38,0
5375.9,NA,NA,NA,NA,117,la38,0
8514.9,NA,NA,NA,NA,118,la38,0
5190.7,NA,NA,NA,NA,119,la38,0
8719.9,NA,NA,NA,NA,120,la38,0
6493.7,NA,NA,NA,NA,121,la38,0
8154.3,NA,NA,NA,NA,122,la38,0
7297.9,NA,NA,NA,NA,123,la38,0
7072.7,NA,NA,NA,NA,124,la38,0
5989.9,NA,NA,NA,NA,125,la38,0
6007.7,NA,NA,NA,NA,126,la38,0
6252.9,NA,NA,NA,NA,127,la38,0
7038.7,NA,NA,NA,NA,128,la38,0
6501.9,NA,NA,NA,NA,129,la38,0
7758.7,NA,NA,NA,NA,130,la38,0
7352.7,NA,NA,NA,NA,131,la38,0
6547.5,NA,NA,NA,NA,132,la38,0
6884.7,NA,NA,NA,NA,133,la38,0
6000.7,NA,NA,NA,NA,134,la38,0
6284.7,NA,NA,NA,NA,135,la38,0
6566.9,NA,NA,NA,NA,136,la38,0
7689.7,NA,NA,NA,NA,137,la38,0
7499.7,NA,NA,NA,NA,138,la38,0
6366.7,NA,NA,NA,NA,139,la38,0
6977.9,NA,NA,NA,NA,140,la38,0
6901.5,NA,NA,NA,NA,141,la38,0
6489.5,NA,NA,NA,NA,142,la38,0
6679.1,NA,NA,NA,NA,143,la38,0
5457.5,NA,NA,NA,NA,144,la38,0
9082.9,NA,NA,NA,NA,145,la38,0
7356.9,NA,NA,NA,NA,146,la38,0
6243.7,NA,NA,NA,NA,147,la38,0
8834.9,NA,NA,NA,NA,148,la38,0
7850.9,NA,NA,NA,NA,149,la38,0
5812.7,NA,NA,NA,NA,150,la38,0
5369.5,NA,NA,NA,NA,151,la38,0
7179.7,NA,NA,NA,NA,152,la38,0
6548.7,NA,NA,NA,NA,153,la38,0
8387.5,NA,NA,NA,NA,154,la38,0
5450.9,NA,NA,NA,NA,155,la38,0
7929.5,NA,NA,NA,NA,156,la38,0
6916.7,NA,NA,NA,NA,157,la38,0
7220.7,NA,NA,NA,NA,158,la38,0
5711.7,NA,NA,NA,NA,159,la38,0
6739.7,NA,NA,NA,NA,160,la38,0
7208.1,NA,NA,NA,NA,161,la38,0
7157.3,NA,NA,NA,NA,162,la38,0
6887.5,NA,NA,NA,NA,163,la38,0
8584.9,NA,NA,NA,NA,164,la38,0
7186.9,NA,NA,NA,NA,165,la38,0
6421.7,NA,NA,NA,NA,166,la38,0
6788.3,NA,NA,NA,NA,167,la38,0
6460.9,NA,NA,NA,NA,168,la38,0
5968.9,NA,NA,NA,NA,169,la38,0
8601.1,NA,NA,NA,NA,170,la38,0
6821.7,NA,NA,NA,NA,171,la38,0
7928.7,NA,NA,NA,NA,172,la38,0
5876.7,NA,NA,NA,NA,173,la38,0
4968.3,NA,NA,NA,NA,174,la38,0
6384.7,NA,NA,NA,NA,175,la38,0
6463.5,NA,NA,NA,NA,176,la38,0
6045.7,NA,NA,NA,NA,177,la38,0
6781.5,NA,NA,NA,NA,178,la38,0
7877.9,NA,NA,NA,NA,179,la38,0
6421.9,NA,NA,NA,NA,180,la38,0
8015.3,NA,NA,NA,NA,181,la38,0
7406.9,NA,NA,NA,NA,182,la38,0
7424.7,NA,NA,NA,NA,183,la38,0
5731.9,NA,NA,NA,NA,184,la38,0
6103.5,NA,NA,NA,NA,185,la38,0
5865.5,NA,NA,NA,NA,186,la38,0
6039.9,NA,NA,NA,NA,187,la38,0
6802.7,NA,NA,NA,NA,188,la38,0
6941.9,NA,NA,NA,NA,189,la38,0
8036.1,NA,NA,NA,NA,190,la38,0
7060.7,NA,NA,NA,NA,191,la38,0
5481.3,NA,NA,NA,NA,192,la38,0
8635.9,NA,NA,NA,NA,193,la38,0
8174.9,NA,NA,NA,NA,194,la38,0
6118.1,NA,NA,NA,NA,195,la38,0
7231.9,NA,NA,NA,NA,196,la38,0
6724.3,NA,NA,NA,NA,197,la38,0
5645.1,NA,NA,NA,NA,198,la38,0
8405.9,NA,NA,NA,NA,199,la38,0
8181.9,NA,NA,NA,NA,200,la38,0
6085.9,NA,NA,NA,NA,201,la38,0
7490.7,NA,NA,NA,NA,202,la38,0
5429.7,NA,NA,NA,NA,203,la38,0
6608.1,NA,NA,NA,NA,204,la38,0
7239.7,NA,NA,NA,NA,205,la38,0
6350.9,NA,NA,NA,NA,206,la38,0
7381.3,NA,NA,NA,NA,207,la38,0
5685.3,NA,NA,NA,NA,208,la38,0
7654.7,NA,NA,NA,NA,209,la38,0
7147.7,NA,NA,NA,NA,210,la38,0
7477.7,NA,NA,NA,NA,211,la38,0
7984.7,NA,NA,NA,NA,212,la38,0
8763.9,NA,NA,NA,NA,213,la38,0
6786.7,NA,NA,NA,NA,214,la38,0
6416.7,NA,NA,NA,NA,215,la38,0
6347.5,NA,NA,NA,NA,216,la38,0
5725.7,NA,NA,NA,NA,217,la38,0
7637.9,NA,NA,NA,NA,218,la38,0
9346.9,NA,NA,NA,NA,219,la38,0
7112.5,NA,NA,NA,NA,220,la38,0
6606.7,NA,NA,NA,NA,221,la38,0
8249.7,NA,NA,NA,NA,222,la38,0
6676.1,NA,NA,NA,NA,223,la38,0
5260.7,NA,NA,NA,NA,224,la38,0
6284.7,NA,NA,NA,NA,225,la38,0
6741.3,NA,NA,NA,NA,226,la38,0
6485.8,NA,NA,NA,NA,227,la38,0
8534.7,NA,NA,NA,NA,228,la38,0
6941.7,NA,NA,NA,NA,229,la38,0
6725.1,NA,NA,NA,NA,230,la38,0
7128.7,NA,NA,NA,NA,231,la38,0
6005.5,NA,NA,NA,NA,232,la38,0
5991.9,NA,NA,NA,NA,233,la38,0
6336.1,NA,NA,NA,NA,234,la38,0
7439.7,NA,NA,NA,NA,235,la38,0
8090.9,NA,NA,NA,NA,236,la38,0
6237.3,NA,NA,NA,NA,237,la38,0
6421.7,NA,NA,NA,NA,238,la38,0
5859.9,NA,NA,NA,NA,239,la38,0
6095.1,NA,NA,NA,NA,240,la38,0
7268.7,NA,NA,NA,NA,241,la38,0
6901.3,NA,NA,NA,NA,242,la38,0
4897.9,NA,NA,NA,NA,243,la38,0
6107.9,NA,NA,NA,NA,244,la38,0
6507.1,NA,NA,NA,NA,245,la38,0
6055.7,NA,NA,NA,NA,246,la38,0
6319.5,NA,NA,NA,NA,247,la38,0
8374.9,NA,NA,NA,NA,248,la38,0
6516.7,NA,NA,NA,NA,249,la38,0
5380.9,NA,NA,NA,NA,250,la38,0
5739.3,NA,NA,NA,NA,251,la38,0
6617.7,NA,NA,NA,NA,252,la38,0
5663.7,NA,NA,NA,NA,253,la38,0
8108.5,NA,NA,NA,NA,254,la38,0
8653.7,NA,NA,NA,NA,255,la38,0
6164.9,NA,NA,NA,NA,256,la38,0
9608.7,NA,NA,NA,NA,257,la38,0
5994.3,NA,NA,NA,NA,258,la38,0
6367.7,NA,NA,NA,NA,259,la38,0
4944.7,NA,NA,NA,NA,260,la38,0
7981.9,NA,NA,NA,NA,261,la38,0
6394.9,NA,NA,NA,NA,262,la38,0
6348.7,NA,NA,NA,NA,263,la38,0
7498.9,NA,NA,NA,NA,264,la38,0
7300.9,NA,NA,NA,NA,265,la38,0
6248.5,NA,NA,NA,NA,266,la38,0
6069.5,NA,NA,NA,NA,267,la38,0
6984.7,NA,NA,NA,NA,268,la38,0
7663.5,NA,NA,NA,NA,269,la38,0
6457.3,NA,NA,NA,NA,270,la38,0
6789.7,NA,NA,NA,NA,271,la38,0
5579.5,NA,NA,NA,NA,272,la38,0
7634.7,NA,NA,NA,NA,273,la38,0
5720.1,NA,NA,NA,NA,274,la38,0
6200.1,NA,NA,NA,NA,275,la38,0
6658.3,NA,NA,NA,NA,276,la38,0
6449.9,NA,NA,NA,NA,277,la38,0
5710.5,NA,NA,NA,NA,278,la38,0
9220.9,NA,NA,NA,NA,279,la38,0
6569.5,NA,NA,NA,NA,280,la38,0
6965.7,NA,NA,NA,NA,281,la38,0
8741.3,NA,NA,NA,NA,282,la38,0
9063.9,NA,NA,NA,NA,283,la38,0
7642.9,NA,NA,NA,NA,284,la38,0
7219.9,NA,NA,NA,NA,285,la38,0
6473.7,NA,NA,NA,NA,286,la38,0
7956.7,NA,NA,NA,NA,287,la38,0
7832.9,NA,NA,NA,NA,288,la38,0
7807.7,NA,NA,NA,NA,289,la38,0
6581.3,NA,NA,NA,NA,290,la38,0
7616.5,NA,NA,NA,NA,291,la38,0
8061.5,NA,NA,NA,NA,292,la38,0
9884.9,NA,NA,NA,NA,293,la38,0
6737.9,NA,NA,NA,NA,294,la38,0
9230.9,NA,NA,NA,NA,295,la38,0
7674.7,NA,NA,NA,NA,296,la38,0
7982.5,NA,NA,NA,NA,297,la38,0
8140.7,NA,NA,NA,NA,298,la38,0
8827.9,NA,NA,NA,NA,299,la38,0
4927.5,NA,NA,NA,NA,300,la38,0
6831.9,NA,NA,NA,NA,301,la38,0
5658.5,NA,NA,NA,NA,302,la38,0
6173.7,NA,NA,NA,NA,303,la38,0
6080.7,NA,NA,NA,NA,304,la38,0
7282.7,NA,NA,NA,NA,305,la38,0
7433.9,NA,NA,NA,NA,306,la38,0
7667.9,NA,NA,NA,NA,307,la38,0
6961.9,NA,NA,NA,NA,308,la38,0
6801.5,NA,NA,NA,NA,309,la38,0
7075.1,NA,NA,NA,NA,310,la38,0
7330.3,NA,NA,NA,NA,311,la38,0
6271.7,NA,NA,NA,NA,312,la38,0
8738.3,NA,NA,NA,NA,313,la38,0
7241.5,NA,NA,NA,NA,314,la38,0
6999.5,NA,NA,NA,NA,315,la38,0
7081.9,NA,NA,NA,NA,316,la38,0
7293.7,NA,NA,NA,NA,317,la38,0
5133.1,NA,NA,NA,NA,318,la38,0
6373.5,NA,NA,NA,NA,319,la38,0
4879.9,NA,NA,NA,NA,320,la38,0
6892.5,NA,NA,NA,NA,321,la38,0
5519.5,NA,NA,NA,NA,322,la38,0
5557.9,NA,NA,NA,NA,323,la38,0
6337.1,NA,NA,NA,NA,324,la38,0
8916.7,NA,NA,NA,NA,325,la38,0
5550.9,NA,NA,NA,NA,326,la38,0
6631.7,NA,NA,NA,NA,327,la38,0
8695.9,NA,NA,NA,NA,328,la38,0
7295.7,NA,NA,NA,NA,329,la38,0
6383.3,NA,NA,NA,NA,330,la38,0
8015.5,NA,NA,NA,NA,331,la38,0
9940.9,NA,NA,NA,NA,332,la38,0
6579.7,NA,NA,NA,NA,333,la38,0
6957.9,NA,NA,NA,NA,334,la38,0
6232.3,NA,NA,NA,NA,335,la38,0
7173.7,NA,NA,NA,NA,336,la38,0
7218.9,NA,NA,NA,NA,337,la38,0
7684.9,NA,NA,NA,NA,338,la38,0
6788.5,NA,NA,NA,NA,339,la38,0
5912.4,NA,NA,NA,NA,340,la38,0
5682.5,NA,NA,NA,NA,341,la38,0
6565.5,NA,NA,NA,NA,342,la38,0
9250.7,NA,NA,NA,NA,343,la38,0
7237.1,NA,NA,NA,NA,344,la38,0
5942.3,NA,NA,NA,NA,345,la38,0
8260.5,NA,NA,NA,NA,346,la38,0
9418.9,NA,NA,NA,NA,347,la38,0
7133.3,NA,NA,NA,NA,348,la38,0
7243.3,NA,NA,NA,NA,349,la38,0
7322.1,NA,NA,NA,NA,350,la38,0
6363.3,NA,NA,NA,NA,351,la38,0
6672.7,NA,NA,NA,NA,352,la38,0
7768.7,NA,NA,NA,NA,353,la38,0
6376.5,NA,NA,NA,NA,354,la38,0
6027.3,NA,NA,NA,NA,355,la38,0
6664.5,NA,NA,NA,NA,356,la38,0
7711.5,NA,NA,NA,NA,357,la38,0
8874.9,NA,NA,NA,NA,358,la38,0
6199.9,NA,NA,NA,NA,359,la38,0
7633.9,NA,NA,NA,NA,360,la38,0
7671.3,NA,NA,NA,NA,361,la38,0
9864.7,NA,NA,NA,NA,362,la38,0
6710.7,NA,NA,NA,NA,363,la38,0
7072.7,NA,NA,NA,NA,364,la38,0
6549.7,NA,NA,NA,NA,365,la38,0
6351.3,NA,NA,NA,NA,366,la38,0
6467.5,NA,NA,NA,NA,367,la38,0
6288.7,NA,NA,NA,NA,368,la38,0
5266.9,NA,NA,NA,NA,369,la38,0
7275.5,NA,NA,NA,NA,370,la38,0
6128.7,NA,NA,NA,NA,371,la38,0
8221.7,NA,NA,NA,NA,372,la38,0
6068.3,NA,NA,NA,NA,373,la38,0
6621.3,NA,NA,NA,NA,374,la38,0
6225.7,NA,NA,NA,NA,375,la38,0
8112.7,NA,NA,NA,NA,376,la38,0
6260.5,NA,NA,NA,NA,377,la38,0
7139.3,NA,NA,NA,NA,378,la38,0
7306.9,NA,NA,NA,NA,379,la38,0
7268.9,NA,NA,NA,NA,380,la38,0
7817.7,NA,NA,NA,NA,381,la38,0
5258.5,NA,NA,NA,NA,382,la38,0
7952.7,NA,NA,NA,NA,383,la38,0
8692.7,NA,NA,NA,NA,384,la38,0
7732.3,NA,NA,NA,NA,385,la38,0
6248.3,NA,NA,NA,NA,386,la38,0
8949.9,NA,NA,NA,NA,387,la38,0
7410.9,NA,NA,NA,NA,388,la38,0
9443.9,NA,NA,NA,NA,389,la38,0
7295.7,NA,NA,NA,NA,390,la38,0
5963.7,NA,NA,NA,NA,391,la38,0
6721.9,NA,NA,NA,NA,392,la38,0
7595.5,NA,NA,NA,NA,393,la38,0
7266.9,NA,NA,NA,NA,394,la38,0
8903.1,NA,NA,NA,NA,395,la38,0
7618.9,NA,NA,NA,NA,396,la38,0
7561.5,NA,NA,NA,NA,397,la38,0
7171.7,NA,NA,NA,NA,398,la38,0
7158.7,NA,NA,NA,NA,399,la38,0
5476.7,NA,NA,NA,NA,400,la38,0
9092.9,NA,NA,NA,NA,401,la38,0
7420.7,NA,NA,NA,NA,402,la38,0
6588.9,NA,NA,NA,NA,403,la38,0
7420.7,NA,NA,NA,NA,404,la38,0
7068.5,NA,NA,NA,NA,405,la38,0
8135.7,NA,NA,NA,NA,406,la38,0
7347.7,NA,NA,NA,NA,407,la38,0
6116.3,NA,NA,NA,NA,408,la38,0
6737.9,NA,NA,NA,NA,409,la38,0
7680.9,NA,NA,NA,NA,410,la38,0
4823.3,NA,NA,NA,NA,411,la38,0
5871.7,NA,NA,NA,NA,412,la38,0
6967.7,NA,NA,NA,NA,413,la38,0
5344.3,NA,NA,NA,NA,414,la38,0
6060.7,NA,NA,NA,NA,415,la38,0
7565.6,NA,NA,NA,NA,416,la38,0
6280.7,NA,NA,NA,NA,417,la38,0
6526.3,NA,NA,NA,NA,418,la38,0
6435.1,NA,NA,NA,NA,419,la38,0
6835.7,NA,NA,NA,NA,420,la38,0
5882.1,NA,NA,NA,NA,421,la38,0
6687.7,NA,NA,NA,NA,422,la38,0
5936.5,NA,NA,NA,NA,423,la38,0
7693.7,NA,NA,NA,NA,424,la38,0
7250.9,NA,NA,NA,NA,425,la38,0
7619.9,NA,NA,NA,NA,426,la38,0
6451.7,NA,NA,NA,NA,427,la38,0
8794.9,NA,NA,NA,NA,428,la38,0
7294.9,NA,NA,NA,NA,429,la38,0
8546.9,NA,NA,NA,NA,430,la38,0
6987.7,NA,NA,NA,NA,431,la38,0
7679.7,NA,NA,NA,NA,432,la38,0
7502.9,NA,NA,NA,NA,433,la38,0
8727.9,NA,NA,NA,NA,434,la38,0
7497.1,NA,NA,NA,NA,435,la38,0
6448.9,NA,NA,NA,NA,436,la38,0
6604.5,NA,NA,NA,NA,437,la38,0
8037.7,NA,NA,NA,NA,438,la38,0
7943.9,NA,NA,NA,NA,439,la38,0
6455.7,NA,NA,NA,NA,440,la38,0
8488.7,NA,NA,NA,NA,441,la38,0
6899.9,NA,NA,NA,NA,442,la38,0
7014.1,NA,NA,NA,NA,443,la38,0
5997.9,NA,NA,NA,NA,444,la38,0
7678.7,NA,NA,NA,NA,445,la38,0
5006.7,NA,NA,NA,NA,446,la38,0
6572.9,NA,NA,NA,NA,447,la38,0
5245.5,NA,NA,NA,NA,448,la38,0
7137.9,NA,NA,NA,NA,449,la38,0
5898.7,NA,NA,NA,NA,450,la38,0
7864.7,NA,NA,NA,NA,451,la38,0
6628.7,NA,NA,NA,NA,452,la38,0
8219.9,NA,NA,NA,NA,453,la38,0
5378.7,NA,NA,NA,NA,454,la38,0
6752.7,NA,NA,NA,NA,455,la38,0
7572.7,NA,NA,NA,NA,456,la38,0
6601.7,NA,NA,NA,NA,457,la38,0
8249.5,NA,NA,NA,NA,458,la38,0
6388.7,NA,NA,NA,NA,459,la38,0
7619.1,NA,NA,NA,NA,460,la38,0
7061.7,NA,NA,NA,NA,461,la38,0
6812.7,NA,NA,NA,NA,462,la38,0
7325.5,NA,NA,NA,NA,463,la38,0
6239.3,NA,NA,NA,NA,464,la38,0
6527.9,NA,NA,NA,NA,465,la38,0
5112.7,NA,NA,NA,NA,466,la38,0
7365.9,NA,NA,NA,NA,467,la38,0
6180.7,NA,NA,NA,NA,468,la38,0
6462.9,NA,NA,NA,NA,469,la38,0
9072.5,NA,NA,NA,NA,470,la38,0
6738.5,NA,NA,NA,NA,471,la38,0
7093.7,NA,NA,NA,NA,472,la38,0
9305.9,NA,NA,NA,NA,473,la38,0
5320.1,NA,NA,NA,NA,474,la38,0
7233.7,NA,NA,NA,NA,475,la38,0
6441.7,NA,NA,NA,NA,476,la38,0
8255.5,NA,NA,NA,NA,477,la38,0
7373.7,NA,NA,NA,NA,478,la38,0
9642.9,NA,NA,NA,NA,479,la38,0
7227.7,NA,NA,NA,NA,480,la38,0
6409.1,NA,NA,NA,NA,481,la38,0
5538.3,NA,NA,NA,NA,482,la38,0
6303.9,NA,NA,NA,NA,483,la38,0
5077.1,NA,NA,NA,NA,484,la38,0
7852.5,NA,NA,NA,NA,485,la38,0
8056.7,NA,NA,NA,NA,486,la38,0
5358.3,NA,NA,NA,NA,487,la38,0
9894.9,NA,NA,NA,NA,488,la38,0
6297.3,NA,NA,NA,NA,489,la38,0
7836.9,NA,NA,NA,NA,490,la38,0
7295.9,NA,NA,NA,NA,491,la38,0
7417.7,NA,NA,NA,NA,492,la38,0
7437.9,NA,NA,NA,NA,493,la38,0
5915.9,NA,NA,NA,NA,494,la38,0
6972.3,NA,NA,NA,NA,495,la38,0
5587.9,NA,NA,NA,NA,496,la38,0
6926.9,NA,NA,NA,NA,497,la38,0
5588.7,NA,NA,NA,NA,498,la38,0
6466.5,NA,NA,NA,NA,499,la38,0
7849.9,NA,NA,NA,NA,500,la38,0
6188.5,NA,NA,NA,NA,501,la38,0
7581.3,NA,NA,NA,NA,502,la38,0
6022.9,NA,NA,NA,NA,503,la38,0
9147.1,NA,NA,NA,NA,504,la38,0
5531.3,NA,NA,NA,NA,505,la38,0
8028.5,NA,NA,NA,NA,506,la38,0
7147.7,NA,NA,NA,NA,507,la38,0
5986.4,NA,NA,NA,NA,508,la38,0
6525.1,NA,NA,NA,NA,509,la38,0
8890.5,NA,NA,NA,NA,510,la38,0
7360.7,NA,NA,NA,NA,511,la38,0
6897.9,NA,NA,NA,NA,512,la38,0
5663.3,NA,NA,NA,NA,513,la38,0
7332.7,NA,NA,NA,NA,514,la38,0
5907.1,NA,NA,NA,NA,515,la38,0
7970.9,NA,NA,NA,NA,516,la38,0
6069.5,NA,NA,NA,NA,517,la38,0
5296.5,NA,NA,NA,NA,518,la38,0
6650.3,NA,NA,NA,NA,519,la38,0
8300.1,NA,NA,NA,NA,520,la38,0
6131.9,NA,NA,NA,NA,521,la38,0
8022.1,NA,NA,NA,NA,522,la38,0
7885.9,NA,NA,NA,NA,523,la38,0
7452.3,NA,NA,NA,NA,524,la38,0
5945.7,NA,NA,NA,NA,525,la38,0
7043.7,NA,NA,NA,NA,526,la38,0
6670.7,NA,NA,NA,NA,527,la38,0
6402.9,NA,NA,NA,NA,528,la38,0
6697.3,NA,NA,NA,NA,529,la38,0
6414.7,NA,NA,NA,NA,530,la38,0
6617.5,NA,NA,NA,NA,531,la38,0
7671.9,NA,NA,NA,NA,532,la38,0
6870.9,NA,NA,NA,NA,533,la38,0
6336.5,NA,NA,NA,NA,534,la38,0
6945.7,NA,NA,NA,NA,535,la38,0
8504.5,NA,NA,NA,NA,536,la38,0
6336.4,NA,NA,NA,NA,537,la38,0
6844.3,NA,NA,NA,NA,538,la38,0
5460.9,NA,NA,NA,NA,539,la38,0
7625.9,NA,NA,NA,NA,540,la38,0
7458.9,NA,NA,NA,NA,541,la38,0
8126.9,NA,NA,NA,NA,542,la38,0
6873.7,NA,NA,NA,NA,543,la38,0
5994.5,NA,NA,NA,NA,544,la38,0
7296.3,NA,NA,NA,NA,545,la38,0
7381.7,NA,NA,NA,NA,546,la38,0
7557.7,NA,NA,NA,NA,547,la38,0
7043.7,NA,NA,NA,NA,548,la38,0
7238.7,NA,NA,NA,NA,549,la38,0
5516.7,NA,NA,NA,NA,550,la38,0
6679.5,NA,NA,NA,NA,551,la38,0
5708.9,NA,NA,NA,NA,552,la38,0
5927.5,NA,NA,NA,NA,553,la38,0
6819.7,NA,NA,NA,NA,554,la38,0
7551.7,NA,NA,NA,NA,555,la38,0
6195.5,NA,NA,NA,NA,556,la38,0
8459.1,NA,NA,NA,NA,557,la38,0
7438.5,NA,NA,NA,NA,558,la38,0
5103.7,NA,NA,NA,NA,559,la38,0
6288.3,NA,NA,NA,NA,560,la38,0
7699.1,NA,NA,NA,NA,561,la38,0
6938.7,NA,NA,NA,NA,562,la38,0
7798.7,NA,NA,NA,NA,563,la38,0
7470.1,NA,NA,NA,NA,564,la38,0
7420.7,NA,NA,NA,NA,565,la38,0
8964.7,NA,NA,NA,NA,566,la38,0
6273.1,NA,NA,NA,NA,567,la38,0
7478.7,NA,NA,NA,NA,568,la38,0
7427.9,NA,NA,NA,NA,569,la38,0
6184.7,NA,NA,NA,NA,570,la38,0
7438.7,NA,NA,NA,NA,571,la38,0
6861.5,NA,NA,NA,NA,572,la38,0
6483.1,NA,NA,NA,NA,573,la38,0
7393.3,NA,NA,NA,NA,574,la38,0
6514.9,NA,NA,NA,NA,575,la38,0
6557.9,NA,NA,NA,NA,576,la38,0
7349.5,NA,NA,NA,NA,577,la38,0
5881.3,NA,NA,NA,NA,578,la38,0
8287.5,NA,NA,NA,NA,579,la38,0
8197.7,NA,NA,NA,NA,580,la38,0
7692.9,NA,NA,NA,NA,581,la38,0
6643.5,NA,NA,NA,NA,582,la38,0
6254.3,NA,NA,NA,NA,583,la38,0
8456.5,NA,NA,NA,NA,584,la38,0
8405.9,NA,NA,NA,NA,585,la38,0
5595.3,NA,NA,NA,NA,586,la38,0
6756.5,NA,NA,NA,NA,587,la38,0
8384.9,NA,NA,NA,NA,588,la38,0
7464.9,NA,NA,NA,NA,589,la38,0
7539.7,NA,NA,NA,NA,590,la38,0
7314.7,NA,NA,NA,NA,591,la38,0
7451.7,NA,NA,NA,NA,592,la38,0
5199.1,NA,NA,NA,NA,593,la38,0
6988.9,NA,NA,NA,NA,594,la38,0
5494.1,NA,NA,NA,NA,595,la38,0
6698.7,NA,NA,NA,NA,596,la38,0
6805.1,NA,NA,NA,NA,597,la38,0
5725.5,NA,NA,NA,NA,598,la38,0
9319.9,NA,NA,NA,NA,599,la38,0
6546.9,NA,NA,NA,NA,600,la38,0
7879.7,NA,NA,NA,NA,601,la38,0
6415.5,NA,NA,NA,NA,602,la38,0
7411.7,NA,NA,NA,NA,603,la38,0
7556.9,NA,NA,NA,NA,604,la38,0
7785.9,NA,NA,NA,NA,605,la38,0
7175.9,NA,NA,NA,NA,606,la38,0
5563.3,NA,NA,NA,NA,607,la38,0
6592.1,NA,NA,NA,NA,608,la38,0
7910.9,NA,NA,NA,NA,609,la38,0
6753.7,NA,NA,NA,NA,610,la38,0
8417.7,NA,NA,NA,NA,611,la38,0
6634.3,NA,NA,NA,NA,612,la38,0
6951.5,NA,NA,NA,NA,613,la38,0
9115.9,NA,NA,NA,NA,614,la38,0
7320.9,NA,NA,NA,NA,615,la38,0
7225.7,NA,NA,NA,NA,616,la38,0
7056.7,NA,NA,NA,NA,617,la38,0
7005.7,NA,NA,NA,NA,618,la38,0
6603.7,NA,NA,NA,NA,619,la38,0
6484.7,NA,NA,NA,NA,620,la38,0
6458.5,NA,NA,NA,NA,621,la38,0
7999.7,NA,NA,NA,NA,622,la38,0
7182.7,NA,NA,NA,NA,623,la38,0
7895.3,NA,NA,NA,NA,624,la38,0
6909.7,NA,NA,NA,NA,625,la38,0
6124.9,NA,NA,NA,NA,626,la38,0
7574.7,NA,NA,NA,NA,627,la38,0
6389.9,NA,NA,NA,NA,628,la38,0
7369.1,NA,NA,NA,NA,629,la38,0
7413.5,NA,NA,NA,NA,630,la38,0
4770.3,NA,NA,NA,NA,631,la38,0
6475.7,NA,NA,NA,NA,632,la38,0
5609.7,NA,NA,NA,NA,633,la38,0
8593.3,NA,NA,NA,NA,634,la38,0
6268.7,NA,NA,NA,NA,635,la38,0
6151.7,NA,NA,NA,NA,636,la38,0
8063.7,NA,NA,NA,NA,637,la38,0
7071.7,NA,NA,NA,NA,638,la38,0
6900.3,NA,NA,NA,NA,639,la38,0
6172.5,NA,NA,NA,NA,640,la38,0
9417.9,NA,NA,NA,NA,641,la38,0
8467.5,NA,NA,NA,NA,642,la38,0
6436.3,NA,NA,NA,NA,643,la38,0
5451.3,NA,NA,NA,NA,644,la38,0
6376.7,NA,NA,NA,NA,645,la38,0
6244.3,NA,NA,NA,NA,646,la38,0
9261.9,NA,NA,NA,NA,647,la38,0
5611.3,NA,NA,NA,NA,648,la38,0
7676.7,NA,NA,NA,NA,649,la38,0
5615.7,NA,NA,NA,NA,650,la38,0
7629.9,NA,NA,NA,NA,651,la38,0
6552.7,NA,NA,NA,NA,652,la38,0
7462.3,NA,NA,NA,NA,653,la38,0
7350.5,NA,NA,NA,NA,654,la38,0
8804.3,NA,NA,NA,NA,655,la38,0
8678.7,NA,NA,NA,NA,656,la38,0
6880.1,NA,NA,NA,NA,657,la38,0
5260.7,NA,NA,NA,NA,658,la38,0
6494.5,NA,NA,NA,NA,659,la38,0
6434.1,NA,NA,NA,NA,660,la38,0
6532.9,NA,NA,NA,NA,661,la38,0
7597.1,NA,NA,NA,NA,662,la38,0
7435.1,NA,NA,NA,NA,663,la38,0
6969.7,NA,NA,NA,NA,664,la38,0
7944.5,NA,NA,NA,NA,665,la38,0
7693.5,NA,NA,NA,NA,666,la38,0
8090.7,NA,NA,NA,NA,667,la38,0
6623.7,NA,NA,NA,NA,668,la38,0
6767.9,NA,NA,NA,NA,669,la38,0
7351.5,NA,NA,NA,NA,670,la38,0
7415.7,NA,NA,NA,NA,671,la38,0
6125.7,NA,NA,NA,NA,672,la38,0
8512.9,NA,NA,NA,NA,673,la38,0
5962.7,NA,NA,NA,NA,674,la38,0
5874.3,NA,NA,NA,NA,675,la38,0
7622.9,NA,NA,NA,NA,676,la38,0
5395.5,NA,NA,NA,NA,677,la38,0
7756.3,NA,NA,NA,NA,678,la38,0
6235.9,NA,NA,NA,NA,679,la38,0
6923.9,NA,NA,NA,NA,680,la38,0
7210.7,NA,NA,NA,NA,681,la38,0
6828.1,NA,NA,NA,NA,682,la38,0
5981.1,NA,NA,NA,NA,683,la38,0
7835.1,NA,NA,NA,NA,684,la38,0
7117.7,NA,NA,NA,NA,685,la38,0
8779.7,NA,NA,NA,NA,686,la38,0
7337.7,NA,NA,NA,NA,687,la38,0
6234.9,NA,NA,NA,NA,688,la38,0
6477.1,NA,NA,NA,NA,689,la38,0
7085.7,NA,NA,NA,NA,690,la38,0
8838.9,NA,NA,NA,NA,691,la38,0
7815.3,NA,NA,NA,NA,692,la38,0
6959.7,NA,NA,NA,NA,693,la38,0
6493.7,NA,NA,NA,NA,694,la38,0
7635.1,NA,NA,NA,NA,695,la38,0
7176.9,NA,NA,NA,NA,696,la38,0
6774.1,NA,NA,NA,NA,697,la38,0
7178.7,NA,NA,NA,NA,698,la38,0
5173.7,NA,NA,NA,NA,699,la38,0
8471.9,NA,NA,NA,NA,700,la38,0
7477.9,NA,NA,NA,NA,701,la38,0
5898.1,NA,NA,NA,NA,702,la38,0
7142.5,NA,NA,NA,NA,703,la38,0
7709.9,NA,NA,NA,NA,704,la38,0
6210.7,NA,NA,NA,NA,705,la38,0
5466.9,NA,NA,NA,NA,706,la38,0
7509.7,NA,NA,NA,NA,707,la38,0
6348.7,NA,NA,NA,NA,708,la38,0
5228.9,NA,NA,NA,NA,709,la38,0
8253.5,NA,NA,NA,NA,710,la38,0
7444.5,NA,NA,NA,NA,711,la38,0
6356.7,NA,NA,NA,NA,712,la38,0
6142.9,NA,NA,NA,NA,713,la38,0
6337.9,NA,NA,NA,NA,714,la38,0
6477.5,NA,NA,NA,NA,715,la38,0
6988.9,NA,NA,NA,NA,716,la38,0
7021.3,NA,NA,NA,NA,717,la38,0
6113.9,NA,NA,NA,NA,718,la38,0
7281.5,NA,NA,NA,NA,719,la38,0
6146.3,NA,NA,NA,NA,720,la38,0
6763.9,NA,NA,NA,NA,721,la38,0
5536.1,NA,NA,NA,NA,722,la38,0
7487.9,NA,NA,NA,NA,723,la38,0
7568.9,NA,NA,NA,NA,724,la38,0
8894.7,NA,NA,NA,NA,725,la38,0
6550.7,NA,NA,NA,NA,726,la38,0
6402.3,NA,NA,NA,NA,727,la38,0
6137.1,NA,NA,NA,NA,728,la38,0
6342.1,NA,NA,NA,NA,729,la38,0
6030.3,NA,NA,NA,NA,730,la38,0
6410.5,NA,NA,NA,NA,731,la38,0
7583.9,NA,NA,NA,NA,732,la38,0
7364.7,NA,NA,NA,NA,733,la38,0
7390.9,NA,NA,NA,NA,734,la38,0
7738.5,NA,NA,NA,NA,735,la38,0
7845.7,NA,NA,NA,NA,736,la38,0
5406.7,NA,NA,NA,NA,737,la38,0
7260.1,NA,NA,NA,NA,738,la38,0
6796.7,NA,NA,NA,NA,739,la38,0
6397.5,NA,NA,NA,NA,740,la38,0
6031.5,NA,NA,NA,NA,741,la38,0
7010.3,NA,NA,NA,NA,742,la38,0
6969.7,NA,NA,NA,NA,743,la38,0
6690.7,NA,NA,NA,NA,744,la38,0
6862.7,NA,NA,NA,NA,745,la38,0
9099.7,NA,NA,NA,NA,746,la38,0
5739.9,NA,NA,NA,NA,747,la38,0
7814.9,NA,NA,NA,NA,748,la38,0
6304.7,NA,NA,NA,NA,749,la38,0
6694.7,NA,NA,NA,NA,750,la38,0
5868.7,NA,NA,NA,NA,751,la38,0
6417.9,NA,NA,NA,NA,752,la38,0
6709.7,NA,NA,NA,NA,753,la38,0
6113.7,NA,NA,NA,NA,754,la38,0
5896.5,NA,NA,NA,NA,755,la38,0
7393.7,NA,NA,NA,NA,756,la38,0
11132.9,NA,NA,NA,NA,757,la38,0
7094.9,NA,NA,NA,NA,758,la38,0
6807.3,NA,NA,NA,NA,759,la38,0
6430.5,NA,NA,NA,NA,760,la38,0
8098.7,NA,NA,NA,NA,761,la38,0
6709.3,NA,NA,NA,NA,762,la38,0
7076.7,NA,NA,NA,NA,763,la38,0
7260.7,NA,NA,NA,NA,764,la38,0
7716.5,NA,NA,NA,NA,765,la38,0
5685.9,NA,NA,NA,NA,766,la38,0
6876.7,NA,NA,NA,NA,767,la38,0
7068.7,NA,NA,NA,NA,768,la38,0
4722.9,NA,NA,NA,NA,769,la38,0
7718.7,NA,NA,NA,NA,770,la38,0
8092.9,NA,NA,NA,NA,771,la38,0
6324.9,NA,NA,NA,NA,772,la38,0
6069.7,NA,NA,NA,NA,773,la38,0
6387.9,NA,NA,NA,NA,774,la38,0
7172.7,NA,NA,NA,NA,775,la38,0
8088.1,NA,NA,NA,NA,776,la38,0
8233.9,NA,NA,NA,NA,777,la38,0
7488.5,NA,NA,NA,NA,778,la38,0
6924.5,NA,NA,NA,NA,779,la38,0
6092.9,NA,NA,NA,NA,780,la38,0
5979.5,NA,NA,NA,NA,781,la38,0
7367.5,NA,NA,NA,NA,782,la38,0
5889.7,NA,NA,NA,NA,783,la38,0
5033.1,NA,NA,NA,NA,784,la38,0
6298.5,NA,NA,NA,NA,785,la38,0
7384.7,NA,NA,NA,NA,786,la38,0
5680.9,NA,NA,NA,NA,787,la38,0
7329.9,NA,NA,NA,NA,788,la38,0
9168.7,NA,NA,NA,NA,789,la38,0
5853.7,NA,NA,NA,NA,790,la38,0
7377.5,NA,NA,NA,NA,791,la38,0
5705.1,NA,NA,NA,NA,792,la38,0
6419.7,NA,NA,NA,NA,793,la38,0
5988.5,NA,NA,NA,NA,794,la38,0
6969.9,NA,NA,NA,NA,795,la38,0
6642.7,NA,NA,NA,NA,796,la38,0
7261.9,NA,NA,NA,NA,797,la38,0
6079.9,NA,NA,NA,NA,798,la38,0
6446.7,NA,NA,NA,NA,799,la38,0
7379.7,NA,NA,NA,NA,800,la38,0
6245.7,NA,NA,NA,NA,801,la38,0
5958.3,NA,NA,NA,NA,802,la38,0
7152.3,NA,NA,NA,NA,803,la38,0
6892.7,NA,NA,NA,NA,804,la38,0
8364.9,NA,NA,NA,NA,805,la38,0
9612.9,NA,NA,NA,NA,806,la38,0
7805.9,NA,NA,NA,NA,807,la38,0
7159.3,NA,NA,NA,NA,808,la38,0
5670.1,NA,NA,NA,NA,809,la38,0
7015.7,NA,NA,NA,NA,810,la38,0
7258.9,NA,NA,NA,NA,811,la38,0
6107.5,NA,NA,NA,NA,812,la38,0
7477.9,NA,NA,NA,NA,813,la38,0
7029.7,NA,NA,NA,NA,814,la38,0
7221.3,NA,NA,NA,NA,815,la38,0
8010.3,NA,NA,NA,NA,816,la38,0
4882.7,NA,NA,NA,NA,817,la38,0
7718.9,NA,NA,NA,NA,818,la38,0
7312.1,NA,NA,NA,NA,819,la38,0
5836.7,NA,NA,NA,NA,820,la38,0
6513.5,NA,NA,NA,NA,821,la38,0
6830.7,NA,NA,NA,NA,822,la38,0
8352.9,NA,NA,NA,NA,823,la38,0
5966.7,NA,NA,NA,NA,824,la38,0
5790.3,NA,NA,NA,NA,825,la38,0
6899.9,NA,NA,NA,NA,826,la38,0
5958.7,NA,NA,NA,NA,827,la38,0
7749.7,NA,NA,NA,NA,828,la38,0
7927.7,NA,NA,NA,NA,829,la38,0
7252.9,NA,NA,NA,NA,830,la38,0
6796.9,NA,NA,NA,NA,831,la38,0
6115.7,NA,NA,NA,NA,832,la38,0
8430.7,NA,NA,NA,NA,833,la38,0
7255.5,NA,NA,NA,NA,834,la38,0
8110.7,NA,NA,NA,NA,835,la38,0
5307.5,NA,NA,NA,NA,836,la38,0
6236.7,NA,NA,NA,NA,837,la38,0
7408.3,NA,NA,NA,NA,838,la38,0
7080.7,NA,NA,NA,NA,839,la38,0
5937.7,NA,NA,NA,NA,840,la38,0
8865.9,NA,NA,NA,NA,841,la38,0
6872.7,NA,NA,NA,NA,842,la38,0
7622.9,NA,NA,NA,NA,843,la38,0
6465.7,NA,NA,NA,NA,844,la38,0
6534.9,NA,NA,NA,NA,845,la38,0
5965.7,NA,NA,NA,NA,846,la38,0
6660.5,NA,NA,NA,NA,847,la38,0
7940.7,NA,NA,NA,NA,848,la38,0
6392.5,NA,NA,NA,NA,849,la38,0
6824.3,NA,NA,NA,NA,850,la38,0
5721.9,NA,NA,NA,NA,851,la38,0
7850.5,NA,NA,NA,NA,852,la38,0
6746.3,NA,NA,NA,NA,853,la38,0
8874.9,NA,NA,NA,NA,854,la38,0
8357.7,NA,NA,NA,NA,855,la38,0
4996.3,NA,NA,NA,NA,856,la38,0
8215.5,NA,NA,NA,NA,857,la38,0
5527.5,NA,NA,NA,NA,858,la38,0
7075.7,NA,NA,NA,NA,859,la38,0
7953.3,NA,NA,NA,NA,860,la38,0
6009.7,NA,NA,NA,NA,861,la38,0
8126.1,NA,NA,NA,NA,862,la38,0
7218.9,NA,NA,NA,NA,863,la38,0
7041.7,NA,NA,NA,NA,864,la38,0
5475.7,NA,NA,NA,NA,865,la38,0
7235.2,NA,NA,NA,NA,866,la38,0
6419.3,NA,NA,NA,NA,867,la38,0
7560.9,NA,NA,NA,NA,868,la38,0
6511.9,NA,NA,NA,NA,869,la38,0
7495.9,NA,NA,NA,NA,870,la38,0
7877.9,NA,NA,NA,NA,871,la38,0
5209.3,NA,NA,NA,NA,872,la38,0
9488.7,NA,NA,NA,NA,873,la38,0
9319.7,NA,NA,NA,NA,874,la38,0
5586.3,NA,NA,NA,NA,875,la38,0
6605.3,NA,NA,NA,NA,876,la38,0
7723.7,NA,NA,NA,NA,877,la38,0
6978.9,NA,NA,NA,NA,878,la38,0
6135.7,NA,NA,NA,NA,879,la38,0
6308.1,NA,NA,NA,NA,880,la38,0
8291.7,NA,NA,NA,NA,881,la38,0
6312.7,NA,NA,NA,NA,882,la38,0
6018.1,NA,NA,NA,NA,883,la38,0
9923.3,NA,NA,NA,NA,884,la38,0
8825.7,NA,NA,NA,NA,885,la38,0
6654.3,NA,NA,NA,NA,886,la38,0
7606.9,NA,NA,NA,NA,887,la38,0
5521.7,NA,NA,NA,NA,888,la38,0
6784.3,NA,NA,NA,NA,889,la38,0
7219.7,NA,NA,NA,NA,890,la38,0
6244.9,NA,NA,NA,NA,891,la38,0
5748.7,NA,NA,NA,NA,892,la38,0
6111.1,NA,NA,NA,NA,893,la38,0
7141.9,NA,NA,NA,NA,894,la38,0
6970.3,NA,NA,NA,NA,895,la38,0
5697.9,NA,NA,NA,NA,896,la38,0
7217.9,NA,NA,NA,NA,897,la38,0
6776.5,NA,NA,NA,NA,898,la38,0
6439.7,NA,NA,NA,NA,899,la38,0
7223.7,NA,NA,NA,NA,900,la38,0
5315.1,NA,NA,NA,NA,901,la38,0
6969.7,NA,NA,NA,NA,902,la38,0
8949.9,NA,NA,NA,NA,903,la38,0
4927.9,NA,NA,NA,NA,904,la38,0
6989.7,NA,NA,NA,NA,905,la38,0
6815.1,NA,NA,NA,NA,906,la38,0
7809.1,NA,NA,NA,NA,907,la38,0
5528.9,NA,NA,NA,NA,908,la38,0
8703.5,NA,NA,NA,NA,909,la38,0
6631.7,NA,NA,NA,NA,910,la38,0
7224.5,NA,NA,NA,NA,911,la38,0
5921.3,NA,NA,NA,NA,912,la38,0
9169.7,NA,NA,NA,NA,913,la38,0
7649.7,NA,NA,NA,NA,914,la38,0
5657.9,NA,NA,NA,NA,915,la38,0
8696.7,NA,NA,NA,NA,916,la38,0
7756.7,NA,NA,NA,NA,917,la38,0
6309.1,NA,NA,NA,NA,918,la38,0
5510.7,NA,NA,NA,NA,919,la38,0
9944.5,NA,NA,NA,NA,920,la38,0
6670.9,NA,NA,NA,NA,921,la38,0
7278.5,NA,NA,NA,NA,922,la38,0
4709.9,NA,NA,NA,NA,923,la38,0
8169.3,NA,NA,NA,NA,924,la38,0
7904.5,NA,NA,NA,NA,925,la38,0
7058.7,NA,NA,NA,NA,926,la38,0
7595.9,NA,NA,NA,NA,927,la38,0
5658.7,NA,NA,NA,NA,928,la38,0
5844.5,NA,NA,NA,NA,929,la38,0
7511.7,NA,NA,NA,NA,930,la38,0
7878.9,NA,NA,NA,NA,931,la38,0
6448.5,NA,NA,NA,NA,932,la38,0
6058.9,NA,NA,NA,NA,933,la38,0
6263.9,NA,NA,NA,NA,934,la38,0
7931.7,NA,NA,NA,NA,935,la38,0
7562.1,NA,NA,NA,NA,936,la38,0
6738.7,NA,NA,NA,NA,937,la38,0
6365.7,NA,NA,NA,NA,938,la38,0
7373.9,NA,NA,NA,NA,939,la38,0
8331.9,NA,NA,NA,NA,940,la38,0
5561.1,NA,NA,NA,NA,941,la38,0
7140.7,NA,NA,NA,NA,942,la38,0
6899.7,NA,NA,NA,NA,943,la38,0
6276.7,NA,NA,NA,NA,944,la38,0
6063.5,NA,NA,NA,NA,945,la38,0
8847.7,NA,NA,NA,NA,946,la38,0
6058.5,NA,NA,NA,NA,947,la38,0
6004.5,NA,NA,NA,NA,948,la38,0
6757.5,NA,NA,NA,NA,949,la38,0
7148.9,NA,NA,NA,NA,950,la38,0
7966.3,NA,NA,NA,NA,951,la38,0
8717.7,NA,NA,NA,NA,952,la38,0
6185.7,NA,NA,NA,NA,953,la38,0
6555.7,NA,NA,NA,NA,954,la38,0
6792.1,NA,NA,NA,NA,955,la38,0
6626.5,NA,NA,NA,NA,956,la38,0
7896.1,NA,NA,NA,NA,957,la38,0
5022.9,NA,NA,NA,NA,958,la38,0
8667.5,NA,NA,NA,NA,959,la38,0
6095.9,NA,NA,NA,NA,960,la38,0
6168.9,NA,NA,NA,NA,961,la38,0
7504.3,NA,NA,NA,NA,962,la38,0
9125.9,NA,NA,NA,NA,963,la38,0
7592.9,NA,NA,NA,NA,964,la38,0
8325.7,NA,NA,NA,NA,965,la38,0
6764.9,NA,NA,NA,NA,966,la38,0
9008.9,NA,NA,NA,NA,967,la38,0
7403.1,NA,NA,NA,NA,968,la38,0
8207.7,NA,NA,NA,NA,969,la38,0
7328.9,NA,NA,NA,NA,970,la38,0
5739.3,NA,NA,NA,NA,971,la38,0
9119.9,NA,NA,NA,NA,972,la38,0
5892.1,NA,NA,NA,NA,973,la38,0
6943.1,NA,NA,NA,NA,974,la38,0
6875.9,NA,NA,NA,NA,975,la38,0
7816.5,NA,NA,NA,NA,976,la38,0
6846.7,NA,NA,NA,NA,977,la38,0
6414.7,NA,NA,NA,NA,978,la38,0
8861.7,NA,NA,NA,NA,979,la38,0
10077.9,NA,NA,NA,NA,980,la38,0
7500.1,NA,NA,NA,NA,981,la38,0
5883.1,NA,NA,NA,NA,982,la38,0
7103.5,NA,NA,NA,NA,983,la38,0
7081.5,NA,NA,NA,NA,984,la38,0
5837.9,NA,NA,NA,NA,985,la38,0
9682.9,NA,NA,NA,NA,986,la38,0
5790.7,NA,NA,NA,NA,987,la38,0
8090.7,NA,NA,NA,NA,988,la38,0
5410.5,NA,NA,NA,NA,989,la38,0
7087.5,NA,NA,NA,NA,990,la38,0
6422.9,NA,NA,NA,NA,991,la38,0
5320.5,NA,NA,NA,NA,992,la38,0
6821.3,NA,NA,NA,NA,993,la38,0
6418.5,NA,NA,NA,NA,994,la38,0
6443.7,NA,NA,NA,NA,995,la38,0
6593.3,NA,NA,NA,NA,996,la38,0
8193.7,NA,NA,NA,NA,997,la38,0
8624.7,NA,NA,NA,NA,998,la38,0
5578.9,NA,NA,NA,NA,999,la38,0
objective,nbhOperator,Nsize,neighborIdx,lsIter,globalIter,instance,alpha
10269.5,NA,NA,NA,NA,0,la38,0.1
5914.7,NA,NA,NA,NA,1,la38,0.1
7449.7,NA,NA,NA,NA,2,la38,0.1
7842.9,NA,NA,NA,NA,3,la38,0.1
8315.9,NA,NA,NA,NA,4,la38,0.1
8110.5,NA,NA,NA,NA,5,la38,0.1
6848.7,NA,NA,NA,NA,6,la38,0.1
6592.9,NA,NA,NA,NA,7,la38,0.1
8762.9,NA,NA,NA,NA,8,la38,0.1
7440.7,NA,NA,NA,NA,9,la38,0.1
7265.7,NA,NA,NA,NA,10,la38,0.1
6933.7,NA,NA,NA,NA,11,la38,0.1
7479.5,NA,NA,NA,NA,12,la38,0.1
5782.1,NA,NA,NA,NA,13,la38,0.1
9705.9,NA,NA,NA,NA,14,la38,0.1
8268.7,NA,NA,NA,NA,15,la38,0.1
7324.7,NA,NA,NA,NA,16,la38,0.1
7475.7,NA,NA,NA,NA,17,la38,0.1
7581.7,NA,NA,NA,NA,18,la38,0.1
6802.7,NA,NA,NA,NA,19,la38,0.1
8436.7,NA,NA,NA,NA,20,la38,0.1
7409.9,NA,NA,NA,NA,21,la38,0.1
7974.7,NA,NA,NA,NA,22,la38,0.1
6470.5,NA,NA,NA,NA,23,la38,0.1
7798.7,NA,NA,NA,NA,24,la38,0.1
8039.9,NA,NA,NA,NA,25,la38,0.1
6807.7,NA,NA,NA,NA,26,la38,0.1
7391.7,NA,NA,NA,NA,27,la38,0.1
6959.7,NA,NA,NA,NA,28,la38,0.1
6072.7,NA,NA,NA,NA,29,la38,0.1
7065.5,NA,NA,NA,NA,30,la38,0.1
8580.7,NA,NA,NA,NA,31,la38,0.1
7047.5,NA,NA,NA,NA,32,la38,0.1
8349.7,NA,NA,NA,NA,33,la38,0.1
5225.3,NA,NA,NA,NA,34,la38,0.1
7372.1,NA,NA,NA,NA,35,la38,0.1
7391.3,NA,NA,NA,NA,36,la38,0.1
6662.5,NA,NA,NA,NA,37,la38,0.1
7676.7,NA,NA,NA,NA,38,la38,0.1
6580.5,NA,NA,NA,NA,39,la38,0.1
9039.7,NA,NA,NA,NA,40,la38,0.1
8611.9,NA,NA,NA,NA,41,la38,0.1
7390.9,NA,NA,NA,NA,42,la38,0.1
5931.7,NA,NA,NA,NA,43,la38,0.1
6987.1,NA,NA,NA,NA,44,la38,0.1
7115.1,NA,NA,NA,NA,45,la38,0.1
6841.3,NA,NA,NA,NA,46,la38,0.1
7103.9,NA,NA,NA,NA,47,la38,0.1
8183.9,NA,NA,NA,NA,48,la38,0.1
9400.9,NA,NA,NA,NA,49,la38,0.1
6624.7,NA,NA,NA,NA,50,la38,0.1
6713.7,NA,NA,NA,NA,51,la38,0.1
9116.7,NA,NA,NA,NA,52,la38,0.1
7548.9,NA,NA,NA,NA,53,la38,0.1
6217.9,NA,NA,NA,NA,54,la38,0.1
7576.5,NA,NA,NA,NA,55,la38,0.1
9000.9,NA,NA,NA,NA,56,la38,0.1
8693.9,NA,NA,NA,NA,57,la38,0.1
10192.9,NA,NA,NA,NA,58,la38,0.1
6067.7,NA,NA,NA,NA,59,la38,0.1
8713.9,NA,NA,NA,NA,60,la38,0.1
6989.7,NA,NA,NA,NA,61,la38,0.1
7440.7,NA,NA,NA,NA,62,la38,0.1
7491.7,NA,NA,NA,NA,63,la38,0.1
6200.7,NA,NA,NA,NA,64,la38,0.1
8850.9,NA,NA,NA,NA,65,la38,0.1
6802.7,NA,NA,NA,NA,66,la38,0.1
7243.9,NA,NA,NA,NA,67,la38,0.1
8568.7,NA,NA,NA,NA,68,la38,0.1
7221.5,NA,NA,NA,NA,69,la38,0.1
7225.7,NA,NA,NA,NA,70,la38,0.1
9909.9,NA,NA,NA,NA,71,la38,0.1
6712.3,NA,NA,NA,NA,72,la38,0.1
7758.7,NA,NA,NA,NA,73,la38,0.1
5992.9,NA,NA,NA,NA,74,la38,0.1
7921.9,NA,NA,NA,NA,75,la38,0.1
7479.5,NA,NA,NA,NA,76,la38,0.1
6678.9,NA,NA,NA,NA,77,la38,0.1
8457.9,NA,NA,NA,NA,78,la38,0.1
7556.9,NA,NA,NA,NA,79,la38,0.1
5088.3,NA,NA,NA,NA,80,la38,0.1
8157.7,NA,NA,NA,NA,81,la38,0.1
8160.7,NA,NA,NA,NA,82,la38,0.1
7767.1,NA,NA,NA,NA,83,la38,0.1
8309.9,NA,NA,NA,NA,84,la38,0.1
8749.7,NA,NA,NA,NA,85,la38,0.1
8263.7,NA,NA,NA,NA,86,la38,0.1
9512.9,NA,NA,NA,NA,87,la38,0.1
6056.3,NA,NA,NA,NA,88,la38,0.1
7468.9,NA,NA,NA,NA,89,la38,0.1
6420.3,NA,NA,NA,NA,90,la38,0.1
6552.9,NA,NA,NA,NA,91,la38,0.1
8000.9,NA,NA,NA,NA,92,la38,0.1
7642.9,NA,NA,NA,NA,93,la38,0.1
6491.9,NA,NA,NA,NA,94,la38,0.1
8144.7,NA,NA,NA,NA,95,la38,0.1
9781.9,NA,NA,NA,NA,96,la38,0.1
8170.1,NA,NA,NA,NA,97,la38,0.1
9424.9,NA,NA,NA,NA,98,la38,0.1
6116.3,NA,NA,NA,NA,99,la38,0.1
8712.7,NA,NA,NA,NA,100,la38,0.1
7567.7,NA,NA,NA,NA,101,la38,0.1
8220.9,NA,NA,NA,NA,102,la38,0.1
9113.7,NA,NA,NA,NA,103,la38,0.1
5994.7,NA,NA,NA,NA,104,la38,0.1
7658.9,NA,NA,NA,NA,105,la38,0.1
7154.7,NA,NA,NA,NA,106,la38,0.1
7774.9,NA,NA,NA,NA,107,la38,0.1
7362.3,NA,NA,NA,NA,108,la38,0.1
9092.5,NA,NA,NA,NA,109,la38,0.1
9424.9,NA,NA,NA,NA,110,la38,0.1
5833.7,NA,NA,NA,NA,111,la38,0.1
6854.9,NA,NA,NA,NA,112,la38,0.1
7857.9,NA,NA,NA,NA,113,la38,0.1
8867.7,NA,NA,NA,NA,114,la38,0.1
7342.5,NA,NA,NA,NA,115,la38,0.1
5558.7,NA,NA,NA,NA,116,la38,0.1
8718.7,NA,NA,NA,NA,117,la38,0.1
9481.7,NA,NA,NA,NA,118,la38,0.1
7109.7,NA,NA,NA,NA,119,la38,0.1
7668.9,NA,NA,NA,NA,120,la38,0.1
7309.7,NA,NA,NA,NA,121,la38,0.1
8422.9,NA,NA,NA,NA,122,la38,0.1
6956.7,NA,NA,NA,NA,123,la38,0.1
8181.7,NA,NA,NA,NA,124,la38,0.1
8747.7,NA,NA,NA,NA,125,la38,0.1
7626.1,NA,NA,NA,NA,126,la38,0.1
8114.9,NA,NA,NA,NA,127,la38,0.1
8435.9,NA,NA,NA,NA,128,la38,0.1
6914.5,NA,NA,NA,NA,129,la38,0.1
6509.3,NA,NA,NA,NA,130,la38,0.1
6342.9,NA,NA,NA,NA,131,la38,0.1
6188.5,NA,NA,NA,NA,132,la38,0.1
6956.5,NA,NA,NA,NA,133,la38,0.1
8159.7,NA,NA,NA,NA,134,la38,0.1
6884.7,NA,NA,NA,NA,135,la38,0.1
6944.7,NA,NA,NA,NA,136,la38,0.1
8088.9,NA,NA,NA,NA,137,la38,0.1
8653.3,NA,NA,NA,NA,138,la38,0.1
7673.5,NA,NA,NA,NA,139,la38,0.1
8830.7,NA,NA,NA,NA,140,la38,0.1
8254.9,NA,NA,NA,NA,141,la38,0.1
5409.7,NA,NA,NA,NA,142,la38,0.1
8254.9,NA,NA,NA,NA,143,la38,0.1
8258.9,NA,NA,NA,NA,144,la38,0.1
7199.7,NA,NA,NA,NA,145,la38,0.1
7199.7,NA,NA,NA,NA,146,la38,0.1
6829.3,NA,NA,NA,NA,147,la38,0.1
6658.9,NA,NA,NA,NA,148,la38,0.1
8878.9,NA,NA,NA,NA,149,la38,0.1
6859.9,NA,NA,NA,NA,150,la38,0.1
5373.1,NA,NA,NA,NA,151,la38,0.1
7392.5,NA,NA,NA,NA,152,la38,0.1
10052.9,NA,NA,NA,NA,153,la38,0.1
6914.5,NA,NA,NA,NA,154,la38,0.1
7515.3,NA,NA,NA,NA,155,la38,0.1
6038.7,NA,NA,NA,NA,156,la38,0.1
7054.9,NA,NA,NA,NA,157,la38,0.1
7154.7,NA,NA,NA,NA,158,la38,0.1
6882.5,NA,NA,NA,NA,159,la38,0.1
6694.7,NA,NA,NA,NA,160,la38,0.1
7453.9,NA,NA,NA,NA,161,la38,0.1
8956.9,NA,NA,NA,NA,162,la38,0.1
8164.9,NA,NA,NA,NA,163,la38,0.1
7372.3,NA,NA,NA,NA,164,la38,0.1
8235.9,NA,NA,NA,NA,165,la38,0.1
6299.9,NA,NA,NA,NA,166,la38,0.1
8585.7,NA,NA,NA,NA,167,la38,0.1
8760.9,NA,NA,NA,NA,168,la38,0.1
6877.9,NA,NA,NA,NA,169,la38,0.1
8771.9,NA,NA,NA,NA,170,la38,0.1
7702.9,NA,NA,NA,NA,171,la38,0.1
6236.5,NA,NA,NA,NA,172,la38,0.1
8542.3,NA,NA,NA,NA,173,la38,0.1
7250.7,NA,NA,NA,NA,174,la38,0.1
7758.5,NA,NA,NA,NA,175,la38,0.1
6726.3,NA,NA,NA,NA,176,la38,0.1
7470.7,NA,NA,NA,NA,177,la38,0.1
7483.7,NA,NA,NA,NA,178,la38,0.1
6467.9,NA,NA,NA,NA,179,la38,0.1
5565.9,NA,NA,NA,NA,180,la38,0.1
8513.9,NA,NA,NA,NA,181,la38,0.1
6409.7,NA,NA,NA,NA,182,la38,0.1
6211.1,NA,NA,NA,NA,183,la38,0.1
8324.1,NA,NA,NA,NA,184,la38,0.1
7691.7,NA,NA,NA,NA,185,la38,0.1
7701.9,NA,NA,NA,NA,186,la38,0.1
6986.9,NA,NA,NA,NA,187,la38,0.1
7473.1,NA,NA,NA,NA,188,la38,0.1
5445.3,NA,NA,NA,NA,189,la38,0.1
6676.9,NA,NA,NA,NA,190,la38,0.1
8043.5,NA,NA,NA,NA,191,la38,0.1
9244.7,NA,NA,NA,NA,192,la38,0.1
8086.7,NA,NA,NA,NA,193,la38,0.1
7532.7,NA,NA,NA,NA,194,la38,0.1
5964.3,NA,NA,NA,NA,195,la38,0.1
9646.9,NA,NA,NA,NA,196,la38,0.1
7767.1,NA,NA,NA,NA,197,la38,0.1
7285.9,NA,NA,NA,NA,198,la38,0.1
5649.9,NA,NA,NA,NA,199,la38,0.1
7263.9,NA,NA,NA,NA,200,la38,0.1
5169.5,NA,NA,NA,NA,201,la38,0.1
8990.9,NA,NA,NA,NA,202,la38,0.1
6699.7,NA,NA,NA,NA,203,la38,0.1
7924.5,NA,NA,NA,NA,204,la38,0.1
8986.9,NA,NA,NA,NA,205,la38,0.1
10068.9,NA,NA,NA,NA,206,la38,0.1
7868.7,NA,NA,NA,NA,207,la38,0.1
7537.7,NA,NA,NA,NA,208,la38,0.1
7455.5,NA,NA,NA,NA,209,la38,0.1
8359.5,NA,NA,NA,NA,210,la38,0.1
8848.9,NA,NA,NA,NA,211,la38,0.1
6645.9,NA,NA,NA,NA,212,la38,0.1
6615.9,NA,NA,NA,NA,213,la38,0.1
7884.7,NA,NA,NA,NA,214,la38,0.1
5772.9,NA,NA,NA,NA,215,la38,0.1
5750.9,NA,NA,NA,NA,216,la38,0.1
6970.7,NA,NA,NA,NA,217,la38,0.1
6829.9,NA,NA,NA,NA,218,la38,0.1
7575.7,NA,NA,NA,NA,219,la38,0.1
9534.9,NA,NA,NA,NA,220,la38,0.1
7872.9,NA,NA,NA,NA,221,la38,0.1
6977.9,NA,NA,NA,NA,222,la38,0.1
7768.5,NA,NA,NA,NA,223,la38,0.1
7233.9,NA,NA,NA,NA,224,la38,0.1
8768.3,NA,NA,NA,NA,225,la38,0.1
7748.9,NA,NA,NA,NA,226,la38,0.1
7100.7,NA,NA,NA,NA,227,la38,0.1
8425.9,NA,NA,NA,NA,228,la38,0.1
7326.5,NA,NA,NA,NA,229,la38,0.1
7241.9,NA,NA,NA,NA,230,la38,0.1
6368.9,NA,NA,NA,NA,231,la38,0.1
7726.9,NA,NA,NA,NA,232,la38,0.1
6672.5,NA,NA,NA,NA,233,la38,0.1
6170.7,NA,NA,NA,NA,234,la38,0.1
8372.9,NA,NA,NA,NA,235,la38,0.1
6413.1,NA,NA,NA,NA,236,la38,0.1
9071.9,NA,NA,NA,NA,237,la38,0.1
6009.7,NA,NA,NA,NA,238,la38,0.1
6720.9,NA,NA,NA,NA,239,la38,0.1
9715.3,NA,NA,NA,NA,240,la38,0.1
7145.9,NA,NA,NA,NA,241,la38,0.1
5172.9,NA,NA,NA,NA,242,la38,0.1
6288.5,NA,NA,NA,NA,243,la38,0.1
7173.1,NA,NA,NA,NA,244,la38,0.1
5833.3,NA,NA,NA,NA,245,la38,0.1
8215.7,NA,NA,NA,NA,246,la38,0.1
8057.7,NA,NA,NA,NA,247,la38,0.1
7252.9,NA,NA,NA,NA,248,la38,0.1
8160.9,NA,NA,NA,NA,249,la38,0.1
7552.5,NA,NA,NA,NA,250,la38,0.1
8310.7,NA,NA,NA,NA,251,la38,0.1
7666.9,NA,NA,NA,NA,252,la38,0.1
7713.7,NA,NA,NA,NA,253,la38,0.1
6086.7,NA,NA,NA,NA,254,la38,0.1
7302.7,NA,NA,NA,NA,255,la38,0.1
5842.7,NA,NA,NA,NA,256,la38,0.1
4819.5,NA,NA,NA,NA,257,la38,0.1
8347.7,NA,NA,NA,NA,258,la38,0.1
6110.9,NA,NA,NA,NA,259,la38,0.1
7133.1,NA,NA,NA,NA,260,la38,0.1
8219.9,NA,NA,NA,NA,261,la38,0.1
6476.3,NA,NA,NA,NA,262,la38,0.1
8017.5,NA,NA,NA,NA,263,la38,0.1
8347.7,NA,NA,NA,NA,264,la38,0.1
7263.5,NA,NA,NA,NA,265,la38,0.1
9298.9,NA,NA,NA,NA,266,la38,0.1
5510.5,NA,NA,NA,NA,267,la38,0.1
7929.7,NA,NA,NA,NA,268,la38,0.1
6538.9,NA,NA,NA,NA,269,la38,0.1
7926.7,NA,NA,NA,NA,270,la38,0.1
6052.5,NA,NA,NA,NA,271,la38,0.1
7757.7,NA,NA,NA,NA,272,la38,0.1
8623.9,NA,NA,NA,NA,273,la38,0.1
9282.9,NA,NA,NA,NA,274,la38,0.1
7492.9,NA,NA,NA,NA,275,la38,0.1
5838.9,NA,NA,NA,NA,276,la38,0.1
7397.3,NA,NA,NA,NA,277,la38,0.1
6970.7,NA,NA,NA,NA,278,la38,0.1
6565.3,NA,NA,NA,NA,279,la38,0.1
8366.7,NA,NA,NA,NA,280,la38,0.1
7756.5,NA,NA,NA,NA,281,la38,0.1
6552.9,NA,NA,NA,NA,282,la38,0.1
7206.3,NA,NA,NA,NA,283,la38,0.1
6447.5,NA,NA,NA,NA,284,la38,0.1
8395.9,NA,NA,NA,NA,285,la38,0.1
6682.5,NA,NA,NA,NA,286,la38,0.1
7764.5,NA,NA,NA,NA,287,la38,0.1
7773.7,NA,NA,NA,NA,288,la38,0.1
8173.9,NA,NA,NA,NA,289,la38,0.1
7762.5,NA,NA,NA,NA,290,la38,0.1
7488.7,NA,NA,NA,NA,291,la38,0.1
9490.5,NA,NA,NA,NA,292,la38,0.1
7397.1,NA,NA,NA,NA,293,la38,0.1
8226.7,NA,NA,NA,NA,294,la38,0.1
8876.7,NA,NA,NA,NA,295,la38,0.1
8404.7,NA,NA,NA,NA,296,la38,0.1
7530.9,NA,NA,NA,NA,297,la38,0.1
8132.7,NA,NA,NA,NA,298,la38,0.1
6854.9,NA,NA,NA,NA,299,la38,0.1
9210.1,NA,NA,NA,NA,300,la38,0.1
9552.7,NA,NA,NA,NA,301,la38,0.1
7266.5,NA,NA,NA,NA,302,la38,0.1
6882.5,NA,NA,NA,NA,303,la38,0.1
8255.9,NA,NA,NA,NA,304,la38,0.1
8849.9,NA,NA,NA,NA,305,la38,0.1
6725.5,NA,NA,NA,NA,306,la38,0.1
8172.9,NA,NA,NA,NA,307,la38,0.1
7065.7,NA,NA,NA,NA,308,la38,0.1
8176.7,NA,NA,NA,NA,309,la38,0.1
8096.9,NA,NA,NA,NA,310,la38,0.1
7856.7,NA,NA,NA,NA,311,la38,0.1
5516.7,NA,NA,NA,NA,312,la38,0.1
9305.9,NA,NA,NA,NA,313,la38,0.1
6403.3,NA,NA,NA,NA,314,la38,0.1
8261.9,NA,NA,NA,NA,315,la38,0.1
7634.7,NA,NA,NA,NA,316,la38,0.1
6626.9,NA,NA,NA,NA,317,la38,0.1
9410.9,NA,NA,NA,NA,318,la38,0.1
8458.3,NA,NA,NA,NA,319,la38,0.1
8910.7,NA,NA,NA,NA,320,la38,0.1
7402.1,NA,NA,NA,NA,321,la38,0.1
5946.1,NA,NA,NA,NA,322,la38,0.1
10363.7,NA,NA,NA,NA,323,la38,0.1
6016.5,NA,NA,NA,NA,324,la38,0.1
8867.3,NA,NA,NA,NA,325,la38,0.1
7867.7,NA,NA,NA,NA,326,la38,0.1
7600.9,NA,NA,NA,NA,327,la38,0.1
6214.5,NA,NA,NA,NA,328,la38,0.1
8685.9,NA,NA,NA,NA,329,la38,0.1
11156.7,NA,NA,NA,NA,330,la38,0.1
8390.7,NA,NA,NA,NA,331,la38,0.1
9157.9,NA,NA,NA,NA,332,la38,0.1
6710.9,NA,NA,NA,NA,333,la38,0.1
8697.9,NA,NA,NA,NA,334,la38,0.1
7942.1,NA,NA,NA,NA,335,la38,0.1
8084.7,NA,NA,NA,NA,336,la38,0.1
6476.7,NA,NA,NA,NA,337,la38,0.1
9367.7,NA,NA,NA,NA,338,la38,0.1
8128.9,NA,NA,NA,NA,339,la38,0.1
7811.9,NA,NA,NA,NA,340,la38,0.1
7085.7,NA,NA,NA,NA,341,la38,0.1
5752.9,NA,NA,NA,NA,342,la38,0.1
6701.7,NA,NA,NA,NA,343,la38,0.1
8566.9,NA,NA,NA,NA,344,la38,0.1
10372.7,NA,NA,NA,NA,345,la38,0.1
9318.3,NA,NA,NA,NA,346,la38,0.1
5642.5,NA,NA,NA,NA,347,la38,0.1
7727.9,NA,NA,NA,NA,348,la38,0.1
7674.9,NA,NA,NA,NA,349,la38,0.1
8128.3,NA,NA,NA,NA,350,la38,0.1
6696.3,NA,NA,NA,NA,351,la38,0.1
7157.9,NA,NA,NA,NA,352,la38,0.1
5424.1,NA,NA,NA,NA,353,la38,0.1
7770.9,NA,NA,NA,NA,354,la38,0.1
6176.7,NA,NA,NA,NA,355,la38,0.1
5811.9,NA,NA,NA,NA,356,la38,0.1
8227.7,NA,NA,NA,NA,357,la38,0.1
7202.9,NA,NA,NA,NA,358,la38,0.1
7526.7,NA,NA,NA,NA,359,la38,0.1
6847.7,NA,NA,NA,NA,360,la38,0.1
7109.7,NA,NA,NA,NA,361,la38,0.1
9534.9,NA,NA,NA,NA,362,la38,0.1
7870.3,NA,NA,NA,NA,363,la38,0.1
7040.9,NA,NA,NA,NA,364,la38,0.1
7048.5,NA,NA,NA,NA,365,la38,0.1
7685.9,NA,NA,NA,NA,366,la38,0.1
7314.9,NA,NA,NA,NA,367,la38,0.1
8557.3,NA,NA,NA,NA,368,la38,0.1
7178.3,NA,NA,NA,NA,369,la38,0.1
5081.1,NA,NA,NA,NA,370,la38,0.1
5440.3,NA,NA,NA,NA,371,la38,0.1
9014.9,NA,NA,NA,NA,372,la38,0.1
7774.3,NA,NA,NA,NA,373,la38,0.1
8548.9,NA,NA,NA,NA,374,la38,0.1
8174.9,NA,NA,NA,NA,375,la38,0.1
8047.1,NA,NA,NA,NA,376,la38,0.1
8442.9,NA,NA,NA,NA,377,la38,0.1
8818.7,NA,NA,NA,NA,378,la38,0.1
10124.7,NA,NA,NA,NA,379,la38,0.1
5923.7,NA,NA,NA,NA,380,la38,0.1
6427.9,NA,NA,NA,NA,381,la38,0.1
8178.9,NA,NA,NA,NA,382,la38,0.1
8045.9,NA,NA,NA,NA,383,la38,0.1
7583.7,NA,NA,NA,NA,384,la38,0.1
8291.7,NA,NA,NA,NA,385,la38,0.1
7167.5,NA,NA,NA,NA,386,la38,0.1
8115.7,NA,NA,NA,NA,387,la38,0.1
8049.3,NA,NA,NA,NA,388,la38,0.1
7569.9,NA,NA,NA,NA,389,la38,0.1
6990.9,NA,NA,NA,NA,390,la38,0.1
7153.7,NA,NA,NA,NA,391,la38,0.1
6555.7,NA,NA,NA,NA,392,la38,0.1
9246.7,NA,NA,NA,NA,393,la38,0.1
10147.9,NA,NA,NA,NA,394,la38,0.1
7197.9,NA,NA,NA,NA,395,la38,0.1
7557.3,NA,NA,NA,NA,396,la38,0.1
7800.9,NA,NA,NA,NA,397,la38,0.1
5761.7,NA,NA,NA,NA,398,la38,0.1
8461.5,NA,NA,NA,NA,399,la38,0.1
8995.9,NA,NA,NA,NA,400,la38,0.1
7641.7,NA,NA,NA,NA,401,la38,0.1
8400.9,NA,NA,NA,NA,402,la38,0.1
5806.9,NA,NA,NA,NA,403,la38,0.1
8507.7,NA,NA,NA,NA,404,la38,0.1
9522.7,NA,NA,NA,NA,405,la38,0.1
8018.5,NA,NA,NA,NA,406,la38,0.1
8760.9,NA,NA,NA,NA,407,la38,0.1
7824.5,NA,NA,NA,NA,408,la38,0.1
6696.7,NA,NA,NA,NA,409,la38,0.1
7399.9,NA,NA,NA,NA,410,la38,0.1
7940.9,NA,NA,NA,NA,411,la38,0.1
8042.7,NA,NA,NA,NA,412,la38,0.1
6716.1,NA,NA,NA,NA,413,la38,0.1
8311.9,NA,NA,NA,NA,414,la38,0.1
9674.9,NA,NA,NA,NA,415,la38,0.1
6231.1,NA,NA,NA,NA,416,la38,0.1
6598.7,NA,NA,NA,NA,417,la38,0.1
5404.1,NA,NA,NA,NA,418,la38,0.1
8856.9,NA,NA,NA,NA,419,la38,0.1
6736.9,NA,NA,NA,NA,420,la38,0.1
7531.9,NA,NA,NA,NA,421,la38,0.1
8802.7,NA,NA,NA,NA,422,la38,0.1
7118.3,NA,NA,NA,NA,423,la38,0.1
7170.7,NA,NA,NA,NA,424,la38,0.1
7824.9,NA,NA,NA,NA,425,la38,0.1
6334.9,NA,NA,NA,NA,426,la38,0.1
7191.5,NA,NA,NA,NA,427,la38,0.1
7027.7,NA,NA,NA,NA,428,la38,0.1
7778.7,NA,NA,NA,NA,429,la38,0.1
7041.9,NA,NA,NA,NA,430,la38,0.1
5773.7,NA,NA,NA,NA,431,la38,0.1
7274.5,NA,NA,NA,NA,432,la38,0.1
7662.7,NA,NA,NA,NA,433,la38,0.1
7295.9,NA,NA,NA,NA,434,la38,0.1
6936.7,NA,NA,NA,NA,435,la38,0.1
6970.5,NA,NA,NA,NA,436,la38,0.1
7374.9,NA,NA,NA,NA,437,la38,0.1
7042.9,NA,NA,NA,NA,438,la38,0.1
9029.7,NA,NA,NA,NA,439,la38,0.1
7078.1,NA,NA,NA,NA,440,la38,0.1
8432.9,NA,NA,NA,NA,441,la38,0.1
5946.7,NA,NA,NA,NA,442,la38,0.1
7664.7,NA,NA,NA,NA,443,la38,0.1
7298.9,NA,NA,NA,NA,444,la38,0.1
8782.1,NA,NA,NA,NA,445,la38,0.1
6417.7,NA,NA,NA,NA,446,la38,0.1
5641.5,NA,NA,NA,NA,447,la38,0.1
5849.9,NA,NA,NA,NA,448,la38,0.1
6892.9,NA,NA,NA,NA,449,la38,0.1
6841.5,NA,NA,NA,NA,450,la38,0.1
10320.9,NA,NA,NA,NA,451,la38,0.1
8173.7,NA,NA,NA,NA,452,la38,0.1
7239.9,NA,NA,NA,NA,453,la38,0.1
6324.9,NA,NA,NA,NA,454,la38,0.1
7703.9,NA,NA,NA,NA,455,la38,0.1
6569.3,NA,NA,NA,NA,456,la38,0.1
6708.1,NA,NA,NA,NA,457,la38,0.1
6061.5,NA,NA,NA,NA,458,la38,0.1
6998.9,NA,NA,NA,NA,459,la38,0.1
7657.7,NA,NA,NA,NA,460,la38,0.1
6655.7,NA,NA,NA,NA,461,la38,0.1
6361.3,NA,NA,NA,NA,462,la38,0.1
6061.9,NA,NA,NA,NA,463,la38,0.1
8697.7,NA,NA,NA,NA,464,la38,0.1
6076.7,NA,NA,NA,NA,465,la38,0.1
8593.9,NA,NA,NA,NA,466,la38,0.1
7098.7,NA,NA,NA,NA,467,la38,0.1
6009.3,NA,NA,NA,NA,468,la38,0.1
6965.7,NA,NA,NA,NA,469,la38,0.1
7605.7,NA,NA,NA,NA,470,la38,0.1
5576.7,NA,NA,NA,NA,471,la38,0.1
8067.5,NA,NA,NA,NA,472,la38,0.1
7232.1,NA,NA,NA,NA,473,la38,0.1
9038.9,NA,NA,NA,NA,474,la38,0.1
7855.5,NA,NA,NA,NA,475,la38,0.1
7027.5,NA,NA,NA,NA,476,la38,0.1
6470.7,NA,NA,NA,NA,477,la38,0.1
8029.7,NA,NA,NA,NA,478,la38,0.1
7202.7,NA,NA,NA,NA,479,la38,0.1
4989.1,NA,NA,NA,NA,480,la38,0.1
6762.7,NA,NA,NA,NA,481,la38,0.1
8485.5,NA,NA,NA,NA,482,la38,0.1
6033.7,NA,NA,NA,NA,483,la38,0.1
6594.7,NA,NA,NA,NA,484,la38,0.1
6157.1,NA,NA,NA,NA,485,la38,0.1
8609.7,NA,NA,NA,NA,486,la38,0.1
6656.5,NA,NA,NA,NA,487,la38,0.1
8133.7,NA,NA,NA,NA,488,la38,0.1
8514.9,NA,NA,NA,NA,489,la38,0.1
6721.7,NA,NA,NA,NA,490,la38,0.1
6851.9,NA,NA,NA,NA,491,la38,0.1
7754.3,NA,NA,NA,NA,492,la38,0.1
8952.5,NA,NA,NA,NA,493,la38,0.1
7812.9,NA,NA,NA,NA,494,la38,0.1
6910.5,NA,NA,NA,NA,495,la38,0.1
8544.9,NA,NA,NA,NA,496,la38,0.1
6299.7,NA,NA,NA,NA,497,la38,0.1
7704.7,NA,NA,NA,NA,498,la38,0.1
8964.9,NA,NA,NA,NA,499,la38,0.1
6606.7,NA,NA,NA,NA,500,la38,0.1
7605.1,NA,NA,NA,NA,501,la38,0.1
8711.7,NA,NA,NA,NA,502,la38,0.1
7034.9,NA,NA,NA,NA,503,la38,0.1
7084.9,NA,NA,NA,NA,504,la38,0.1
8821.9,NA,NA,NA,NA,505,la38,0.1
6712.7,NA,NA,NA,NA,506,la38,0.1
6486.5,NA,NA,NA,NA,507,la38,0.1
8092.3,NA,NA,NA,NA,508,la38,0.1
6844.7,NA,NA,NA,NA,509,la38,0.1
9503.7,NA,NA,NA,NA,510,la38,0.1
9288.9,NA,NA,NA,NA,511,la38,0.1
9184.9,NA,NA,NA,NA,512,la38,0.1
8255.7,NA,NA,NA,NA,513,la38,0.1
7605.7,NA,NA,NA,NA,514,la38,0.1
8236.9,NA,NA,NA,NA,515,la38,0.1
7679.7,NA,NA,NA,NA,516,la38,0.1
7529.9,NA,NA,NA,NA,517,la38,0.1
8764.9,NA,NA,NA,NA,518,la38,0.1
8342.5,NA,NA,NA,NA,519,la38,0.1
9064.9,NA,NA,NA,NA,520,la38,0.1
8202.7,NA,NA,NA,NA,521,la38,0.1
7293.9,NA,NA,NA,NA,522,la38,0.1
7298.9,NA,NA,NA,NA,523,la38,0.1
10301.7,NA,NA,NA,NA,524,la38,0.1
7204.9,NA,NA,NA,NA,525,la38,0.1
8150.7,NA,NA,NA,NA,526,la38,0.1
6347.5,NA,NA,NA,NA,527,la38,0.1
7660.7,NA,NA,NA,NA,528,la38,0.1
8480.7,NA,NA,NA,NA,529,la38,0.1
6900.9,NA,NA,NA,NA,530,la38,0.1
8540.7,NA,NA,NA,NA,531,la38,0.1
7618.9,NA,NA,NA,NA,532,la38,0.1
8015.9,NA,NA,NA,NA,533,la38,0.1
6712.7,NA,NA,NA,NA,534,la38,0.1
8211.9,NA,NA,NA,NA,535,la38,0.1
9390.1,NA,NA,NA,NA,536,la38,0.1
7988.7,NA,NA,NA,NA,537,la38,0.1
5996.1,NA,NA,NA,NA,538,la38,0.1
7142.9,NA,NA,NA,NA,539,la38,0.1
7987.7,NA,NA,NA,NA,540,la38,0.1
7771.9,NA,NA,NA,NA,541,la38,0.1
7050.5,NA,NA,NA,NA,542,la38,0.1
6121.7,NA,NA,NA,NA,543,la38,0.1
8767.1,NA,NA,NA,NA,544,la38,0.1
8000.9,NA,NA,NA,NA,545,la38,0.1
6858.7,NA,NA,NA,NA,546,la38,0.1
6330.9,NA,NA,NA,NA,547,la38,0.1
5629.7,NA,NA,NA,NA,548,la38,0.1
6429.7,NA,NA,NA,NA,549,la38,0.1
9095.9,NA,NA,NA,NA,550,la38,0.1
6378.9,NA,NA,NA,NA,551,la38,0.1
9604.9,NA,NA,NA,NA,552,la38,0.1
8375.9,NA,NA,NA,NA,553,la38,0.1
6611.9,NA,NA,NA,NA,554,la38,0.1
6553.3,NA,NA,NA,NA,555,la38,0.1
6781.5,NA,NA,NA,NA,556,la38,0.1
8693.7,NA,NA,NA,NA,557,la38,0.1
9698.9,NA,NA,NA,NA,558,la38,0.1
9005.7,NA,NA,NA,NA,559,la38,0.1
5446.3,NA,NA,NA,NA,560,la38,0.1
7222.9,NA,NA,NA,NA,561,la38,0.1
8532.1,NA,NA,NA,NA,562,la38,0.1
9401.9,NA,NA,NA,NA,563,la38,0.1
8048.9,NA,NA,NA,NA,564,la38,0.1
6129.9,NA,NA,NA,NA,565,la38,0.1
7178.5,NA,NA,NA,NA,566,la38,0.1
7734.9,NA,NA,NA,NA,567,la38,0.1
6090.7,NA,NA,NA,NA,568,la38,0.1
8750.7,NA,NA,NA,NA,569,la38,0.1
6598.9,NA,NA,NA,NA,570,la38,0.1
6946.5,NA,NA,NA,NA,571,la38,0.1
6580.7,NA,NA,NA,NA,572,la38,0.1
8604.9,NA,NA,NA,NA,573,la38,0.1
6176.9,NA,NA,NA,NA,574,la38,0.1
6886.9,NA,NA,NA,NA,575,la38,0.1
7300.7,NA,NA,NA,NA,576,la38,0.1
7654.9,NA,NA,NA,NA,577,la38,0.1
8481.9,NA,NA,NA,NA,578,la38,0.1
7825.7,NA,NA,NA,NA,579,la38,0.1
7813.3,NA,NA,NA,NA,580,la38,0.1
7549.7,NA,NA,NA,NA,581,la38,0.1
9677.7,NA,NA,NA,NA,582,la38,0.1
6027.5,NA,NA,NA,NA,583,la38,0.1
8138.5,NA,NA,NA,NA,584,la38,0.1
10220.9,NA,NA,NA,NA,585,la38,0.1
7141.9,NA,NA,NA,NA,586,la38,0.1
8217.9,NA,NA,NA,NA,587,la38,0.1
7583.7,NA,NA,NA,NA,588,la38,0.1
7832.7,NA,NA,NA,NA,589,la38,0.1
8514.9,NA,NA,NA,NA,590,la38,0.1
6053.7,NA,NA,NA,NA,591,la38,0.1
9078.9,NA,NA,NA,NA,592,la38,0.1
7110.7,NA,NA,NA,NA,593,la38,0.1
6809.7,NA,NA,NA,NA,594,la38,0.1
8092.7,NA,NA,NA,NA,595,la38,0.1
6588.7,NA,NA,NA,NA,596,la38,0.1
8194.5,NA,NA,NA,NA,597,la38,0.1
8036.7,NA,NA,NA,NA,598,la38,0.1
7775.9,NA,NA,NA,NA,599,la38,0.1
8106.9,NA,NA,NA,NA,600,la38,0.1
8082.7,NA,NA,NA,NA,601,la38,0.1
5430.7,NA,NA,NA,NA,602,la38,0.1
7239.9,NA,NA,NA,NA,603,la38,0.1
7471.7,NA,NA,NA,NA,604,la38,0.1
5729.1,NA,NA,NA,NA,605,la38,0.1
9431.9,NA,NA,NA,NA,606,la38,0.1
9650.3,NA,NA,NA,NA,607,la38,0.1
7547.9,NA,NA,NA,NA,608,la38,0.1
9973.7,NA,NA,NA,NA,609,la38,0.1
5996.5,NA,NA,NA,NA,610,la38,0.1
7824.9,NA,NA,NA,NA,611,la38,0.1
7602.9,NA,NA,NA,NA,612,la38,0.1
8025.1,NA,NA,NA,NA,613,la38,0.1
5679.5,NA,NA,NA,NA,614,la38,0.1
6787.9,NA,NA,NA,NA,615,la38,0.1
6515.7,NA,NA,NA,NA,616,la38,0.1
6593.7,NA,NA,NA,NA,617,la38,0.1
8460.9,NA,NA,NA,NA,618,la38,0.1
7436.5,NA,NA,NA,NA,619,la38,0.1
6761.7,NA,NA,NA,NA,620,la38,0.1
6956.9,NA,NA,NA,NA,621,la38,0.1
5710.3,NA,NA,NA,NA,622,la38,0.1
8416.9,NA,NA,NA,NA,623,la38,0.1
5609.9,NA,NA,NA,NA,624,la38,0.1
8710.9,NA,NA,NA,NA,625,la38,0.1
7156.9,NA,NA,NA,NA,626,la38,0.1
7849.9,NA,NA,NA,NA,627,la38,0.1
5974.7,NA,NA,NA,NA,628,la38,0.1
6495.5,NA,NA,NA,NA,629,la38,0.1
7967.9,NA,NA,NA,NA,630,la38,0.1
6756.9,NA,NA,NA,NA,631,la38,0.1
7379.1,NA,NA,NA,NA,632,la38,0.1
6969.7,NA,NA,NA,NA,633,la38,0.1
8596.7,NA,NA,NA,NA,634,la38,0.1
6679.7,NA,NA,NA,NA,635,la38,0.1
5368.5,NA,NA,NA,NA,636,la38,0.1
7120.7,NA,NA,NA,NA,637,la38,0.1
5968.7,NA,NA,NA,NA,638,la38,0.1
7518.9,NA,NA,NA,NA,639,la38,0.1
6356.3,NA,NA,NA,NA,640,la38,0.1
6004.7,NA,NA,NA,NA,641,la38,0.1
7010.9,NA,NA,NA,NA,642,la38,0.1
8778.9,NA,NA,NA,NA,643,la38,0.1
8728.9,NA,NA,NA,NA,644,la38,0.1
7598.7,NA,NA,NA,NA,645,la38,0.1
7575.5,NA,NA,NA,NA,646,la38,0.1
8064.9,NA,NA,NA,NA,647,la38,0.1
7431.7,NA,NA,NA,NA,648,la38,0.1
6106.5,NA,NA,NA,NA,649,la38,0.1
7720.9,NA,NA,NA,NA,650,la38,0.1
7304.9,NA,NA,NA,NA,651,la38,0.1
6809.5,NA,NA,NA,NA,652,la38,0.1
7888.9,NA,NA,NA,NA,653,la38,0.1
6644.3,NA,NA,NA,NA,654,la38,0.1
7637.1,NA,NA,NA,NA,655,la38,0.1
7162.7,NA,NA,NA,NA,656,la38,0.1
7270.7,NA,NA,NA,NA,657,la38,0.1
8009.1,NA,NA,NA,NA,658,la38,0.1
9070.9,NA,NA,NA,NA,659,la38,0.1
6608.5,NA,NA,NA,NA,660,la38,0.1
8302.9,NA,NA,NA,NA,661,la38,0.1
5455.3,NA,NA,NA,NA,662,la38,0.1
6868.5,NA,NA,NA,NA,663,la38,0.1
9226.9,NA,NA,NA,NA,664,la38,0.1
7174.7,NA,NA,NA,NA,665,la38,0.1
7761.7,NA,NA,NA,NA,666,la38,0.1
6210.7,NA,NA,NA,NA,667,la38,0.1
6920.7,NA,NA,NA,NA,668,la38,0.1
8107.9,NA,NA,NA,NA,669,la38,0.1
10054.9,NA,NA,NA,NA,670,la38,0.1
8713.9,NA,NA,NA,NA,671,la38,0.1
7030.9,NA,NA,NA,NA,672,la38,0.1
10363.9,NA,NA,NA,NA,673,la38,0.1
7604.5,NA,NA,NA,NA,674,la38,0.1
7436.5,NA,NA,NA,NA,675,la38,0.1
8806.7,NA,NA,NA,NA,676,la38,0.1
6352.7,NA,NA,NA,NA,677,la38,0.1
6220.9,NA,NA,NA,NA,678,la38,0.1
7598.9,NA,NA,NA,NA,679,la38,0.1
6891.7,NA,NA,NA,NA,680,la38,0.1
7232.3,NA,NA,NA,NA,681,la38,0.1
7354.3,NA,NA,NA,NA,682,la38,0.1
7257.7,NA,NA,NA,NA,683,la38,0.1
6774.9,NA,NA,NA,NA,684,la38,0.1
7605.9,NA,NA,NA,NA,685,la38,0.1
8228.9,NA,NA,NA,NA,686,la38,0.1
6359.7,NA,NA,NA,NA,687,la38,0.1
6817.7,NA,NA,NA,NA,688,la38,0.1
7427.7,NA,NA,NA,NA,689,la38,0.1
6814.7,NA,NA,NA,NA,690,la38,0.1
8477.9,NA,NA,NA,NA,691,la38,0.1
7369.7,NA,NA,NA,NA,692,la38,0.1
9041.9,NA,NA,NA,NA,693,la38,0.1
7240.3,NA,NA,NA,NA,694,la38,0.1
6555.7,NA,NA,NA,NA,695,la38,0.1
7305.9,NA,NA,NA,NA,696,la38,0.1
6693.9,NA,NA,NA,NA,697,la38,0.1
5966.7,NA,NA,NA,NA,698,la38,0.1
6784.7,NA,NA,NA,NA,699,la38,0.1
6806.9,NA,NA,NA,NA,700,la38,0.1
6079.9,NA,NA,NA,NA,701,la38,0.1
6391.1,NA,NA,NA,NA,702,la38,0.1
7650.3,NA,NA,NA,NA,703,la38,0.1
10239.9,NA,NA,NA,NA,704,la38,0.1
8494.9,NA,NA,NA,NA,705,la38,0.1
7253.9,NA,NA,NA,NA,706,la38,0.1
8289.9,NA,NA,NA,NA,707,la38,0.1
7292.9,NA,NA,NA,NA,708,la38,0.1
6993.9,NA,NA,NA,NA,709,la38,0.1
8013.1,NA,NA,NA,NA,710,la38,0.1
10157.7,NA,NA,NA,NA,711,la38,0.1
6052.3,NA,NA,NA,NA,712,la38,0.1
7729.5,NA,NA,NA,NA,713,la38,0.1
6802.9,NA,NA,NA,NA,714,la38,0.1
7409.3,NA,NA,NA,NA,715,la38,0.1
6197.7,NA,NA,NA,NA,716,la38,0.1
9357.9,NA,NA,NA,NA,717,la38,0.1
6030.3,NA,NA,NA,NA,718,la38,0.1
4824.3,NA,NA,NA,NA,719,la38,0.1
7515.7,NA,NA,NA,NA,720,la38,0.1
6766.3,NA,NA,NA,NA,721,la38,0.1
8804.9,NA,NA,NA,NA,722,la38,0.1
7286.3,NA,NA,NA,NA,723,la38,0.1
8706.7,NA,NA,NA,NA,724,la38,0.1
6654.9,NA,NA,NA,NA,725,la38,0.1
8783.7,NA,NA,NA,NA,726,la38,0.1
6567.9,NA,NA,NA,NA,727,la38,0.1
6642.7,NA,NA,NA,NA,728,la38,0.1
7398.1,NA,NA,NA,NA,729,la38,0.1
6355.9,NA,NA,NA,NA,730,la38,0.1
6033.9,NA,NA,NA,NA,731,la38,0.1
8013.7,NA,NA,NA,NA,732,la38,0.1
6499.5,NA,NA,NA,NA,733,la38,0.1
8077.9,NA,NA,NA,NA,734,la38,0.1
6923.3,NA,NA,NA,NA,735,la38,0.1
7832.9,NA,NA,NA,NA,736,la38,0.1
7362.7,NA,NA,NA,NA,737,la38,0.1
8189.7,NA,NA,NA,NA,738,la38,0.1
6164.9,NA,NA,NA,NA,739,la38,0.1
7752.5,NA,NA,NA,NA,740,la38,0.1
8449.3,NA,NA,NA,NA,741,la38,0.1
7450.9,NA,NA,NA,NA,742,la38,0.1
7508.7,NA,NA,NA,NA,743,la38,0.1
6607.7,NA,NA,NA,NA,744,la38,0.1
7590.5,NA,NA,NA,NA,745,la38,0.1
6006.9,NA,NA,NA,NA,746,la38,0.1
7728.9,NA,NA,NA,NA,747,la38,0.1
7259.9,NA,NA,NA,NA,748,la38,0.1
7339.9,NA,NA,NA,NA,749,la38,0.1
7818.7,NA,NA,NA,NA,750,la38,0.1
7201.7,NA,NA,NA,NA,751,la38,0.1
6945.9,NA,NA,NA,NA,752,la38,0.1
7014.5,NA,NA,NA,NA,753,la38,0.1
8225.9,NA,NA,NA,NA,754,la38,0.1
7944.9,NA,NA,NA,NA,755,la38,0.1
8736.7,NA,NA,NA,NA,756,la38,0.1
8247.7,NA,NA,NA,NA,757,la38,0.1
7123.7,NA,NA,NA,NA,758,la38,0.1
6837.7,NA,NA,NA,NA,759,la38,0.1
7668.7,NA,NA,NA,NA,760,la38,0.1
6696.7,NA,NA,NA,NA,761,la38,0.1
6276.7,NA,NA,NA,NA,762,la38,0.1
6023.9,NA,NA,NA,NA,763,la38,0.1
8188.9,NA,NA,NA,NA,764,la38,0.1
7553.9,NA,NA,NA,NA,765,la38,0.1
8046.7,NA,NA,NA,NA,766,la38,0.1
7426.7,NA,NA,NA,NA,767,la38,0.1
6842.9,NA,NA,NA,NA,768,la38,0.1
7671.1,NA,NA,NA,NA,769,la38,0.1
8532.5,NA,NA,NA,NA,770,la38,0.1
9270.3,NA,NA,NA,NA,771,la38,0.1
5787.9,NA,NA,NA,NA,772,la38,0.1
6265.7,NA,NA,NA,NA,773,la38,0.1
7455.5,NA,NA,NA,NA,774,la38,0.1
7272.7,NA,NA,NA,NA,775,la38,0.1
6855.9,NA,NA,NA,NA,776,la38,0.1
6813.9,NA,NA,NA,NA,777,la38,0.1
6995.3,NA,NA,NA,NA,778,la38,0.1
7430.9,NA,NA,NA,NA,779,la38,0.1
7071.9,NA,NA,NA,NA,780,la38,0.1
6229.7,NA,NA,NA,NA,781,la38,0.1
8306.9,NA,NA,NA,NA,782,la38,0.1
9096.3,NA,NA,NA,NA,783,la38,0.1
6291.1,NA,NA,NA,NA,784,la38,0.1
8619.9,NA,NA,NA,NA,785,la38,0.1
6145.3,NA,NA,NA,NA,786,la38,0.1
7834.9,NA,NA,NA,NA,787,la38,0.1
8041.9,NA,NA,NA,NA,788,la38,0.1
9770.7,NA,NA,NA,NA,789,la38,0.1
7782.7,NA,NA,NA,NA,790,la38,0.1
8762.7,NA,NA,NA,NA,791,la38,0.1
6780.9,NA,NA,NA,NA,792,la38,0.1
9873.7,NA,NA,NA,NA,793,la38,0.1
6828.7,NA,NA,NA,NA,794,la38,0.1
6286.7,NA,NA,NA,NA,795,la38,0.1
7183.9,NA,NA,NA,NA,796,la38,0.1
5746.4,NA,NA,NA,NA,797,la38,0.1
6417.5,NA,NA,NA,NA,798,la38,0.1
7895.7,NA,NA,NA,NA,799,la38,0.1
6331.9,NA,NA,NA,NA,800,la38,0.1
8061.7,NA,NA,NA,NA,801,la38,0.1
10134.1,NA,NA,NA,NA,802,la38,0.1
7116.7,NA,NA,NA,NA,803,la38,0.1
5845.7,NA,NA,NA,NA,804,la38,0.1
8969.7,NA,NA,NA,NA,805,la38,0.1
6998.9,NA,NA,NA,NA,806,la38,0.1
7207.5,NA,NA,NA,NA,807,la38,0.1
7129.5,NA,NA,NA,NA,808,la38,0.1
7354.5,NA,NA,NA,NA,809,la38,0.1
7108.9,NA,NA,NA,NA,810,la38,0.1
8499.7,NA,NA,NA,NA,811,la38,0.1
7997.7,NA,NA,NA,NA,812,la38,0.1
7583.7,NA,NA,NA,NA,813,la38,0.1
7578.9,NA,NA,NA,NA,814,la38,0.1
8714.9,NA,NA,NA,NA,815,la38,0.1
7482.9,NA,NA,NA,NA,816,la38,0.1
7020.7,NA,NA,NA,NA,817,la38,0.1
7249.9,NA,NA,NA,NA,818,la38,0.1
8046.9,NA,NA,NA,NA,819,la38,0.1
7069.3,NA,NA,NA,NA,820,la38,0.1
7276.1,NA,NA,NA,NA,821,la38,0.1
7343.7,NA,NA,NA,NA,822,la38,0.1
7604.9,NA,NA,NA,NA,823,la38,0.1
8097.3,NA,NA,NA,NA,824,la38,0.1
9105.3,NA,NA,NA,NA,825,la38,0.1
7001.9,NA,NA,NA,NA,826,la38,0.1
9421.7,NA,NA,NA,NA,827,la38,0.1
8350.3,NA,NA,NA,NA,828,la38,0.1
7216.7,NA,NA,NA,NA,829,la38,0.1
6456.9,NA,NA,NA,NA,830,la38,0.1
5522,NA,NA,NA,NA,831,la38,0.1
7073.7,NA,NA,NA,NA,832,la38,0.1
7163.7,NA,NA,NA,NA,833,la38,0.1
5629.1,NA,NA,NA,NA,834,la38,0.1
7012.3,NA,NA,NA,NA,835,la38,0.1
6974.7,NA,NA,NA,NA,836,la38,0.1
8073.3,NA,NA,NA,NA,837,la38,0.1
7963.7,NA,NA,NA,NA,838,la38,0.1
5183.7,NA,NA,NA,NA,839,la38,0.1
7462.7,NA,NA,NA,NA,840,la38,0.1
6789.3,NA,NA,NA,NA,841,la38,0.1
6773.1,NA,NA,NA,NA,842,la38,0.1
8256.5,NA,NA,NA,NA,843,la38,0.1
7529.7,NA,NA,NA,NA,844,la38,0.1
8057.9,NA,NA,NA,NA,845,la38,0.1
9990.5,NA,NA,NA,NA,846,la38,0.1
7952.9,NA,NA,NA,NA,847,la38,0.1
6710.5,NA,NA,NA,NA,848,la38,0.1
7193.7,NA,NA,NA,NA,849,la38,0.1
8937.9,NA,NA,NA,NA,850,la38,0.1
8434.9,NA,NA,NA,NA,851,la38,0.1
6822.7,NA,NA,NA,NA,852,la38,0.1
7028.9,NA,NA,NA,NA,853,la38,0.1
6775.9,NA,NA,NA,NA,854,la38,0.1
7306.7,NA,NA,NA,NA,855,la38,0.1
5786.9,NA,NA,NA,NA,856,la38,0.1
7232.3,NA,NA,NA,NA,857,la38,0.1
7124.2,NA,NA,NA,NA,858,la38,0.1
7747.7,NA,NA,NA,NA,859,la38,0.1
9360.7,NA,NA,NA,NA,860,la38,0.1
6931.1,NA,NA,NA,NA,861,la38,0.1
5903.3,NA,NA,NA,NA,862,la38,0.1
6795.9,NA,NA,NA,NA,863,la38,0.1
8348.7,NA,NA,NA,NA,864,la38,0.1
9051.3,NA,NA,NA,NA,865,la38,0.1
6962.7,NA,NA,NA,NA,866,la38,0.1
6327.5,NA,NA,NA,NA,867,la38,0.1
8348.9,NA,NA,NA,NA,868,la38,0.1
7652.9,NA,NA,NA,NA,869,la38,0.1
5243.3,NA,NA,NA,NA,870,la38,0.1
6593.3,NA,NA,NA,NA,871,la38,0.1
6833.9,NA,NA,NA,NA,872,la38,0.1
5774.3,NA,NA,NA,NA,873,la38,0.1
7868.9,NA,NA,NA,NA,874,la38,0.1
6619.1,NA,NA,NA,NA,875,la38,0.1
5603.5,NA,NA,NA,NA,876,la38,0.1
8453.9,NA,NA,NA,NA,877,la38,0.1
8834.1,NA,NA,NA,NA,878,la38,0.1
7132.9,NA,NA,NA,NA,879,la38,0.1
7132.9,NA,NA,NA,NA,880,la38,0.1
7994.5,NA,NA,NA,NA,881,la38,0.1
7030.9,NA,NA,NA,NA,882,la38,0.1
6472.1,NA,NA,NA,NA,883,la38,0.1
7269.7,NA,NA,NA,NA,884,la38,0.1
8003.9,NA,NA,NA,NA,885,la38,0.1
8807.9,NA,NA,NA,NA,886,la38,0.1
7202.7,NA,NA,NA,NA,887,la38,0.1
8169.9,NA,NA,NA,NA,888,la38,0.1
5255.1,NA,NA,NA,NA,889,la38,0.1
7919.3,NA,NA,NA,NA,890,la38,0.1
7994.9,NA,NA,NA,NA,891,la38,0.1
7199.3,NA,NA,NA,NA,892,la38,0.1
7943.7,NA,NA,NA,NA,893,la38,0.1
6614.1,NA,NA,NA,NA,894,la38,0.1
6717.9,NA,NA,NA,NA,895,la38,0.1
7485.7,NA,NA,NA,NA,896,la38,0.1
8672.3,NA,NA,NA,NA,897,la38,0.1
7444.9,NA,NA,NA,NA,898,la38,0.1
9592.9,NA,NA,NA,NA,899,la38,0.1
8548.2,NA,NA,NA,NA,900,la38,0.1
7795.9,NA,NA,NA,NA,901,la38,0.1
8191.9,NA,NA,NA,NA,902,la38,0.1
9089.9,NA,NA,NA,NA,903,la38,0.1
5877.9,NA,NA,NA,NA,904,la38,0.1
6611.1,NA,NA,NA,NA,905,la38,0.1
7785.3,NA,NA,NA,NA,906,la38,0.1
7741.7,NA,NA,NA,NA,907,la38,0.1
6318.7,NA,NA,NA,NA,908,la38,0.1
5911.5,NA,NA,NA,NA,909,la38,0.1
4981.7,NA,NA,NA,NA,910,la38,0.1
7424.9,NA,NA,NA,NA,911,la38,0.1
6888.7,NA,NA,NA,NA,912,la38,0.1
6465.5,NA,NA,NA,NA,913,la38,0.1
6505.5,NA,NA,NA,NA,914,la38,0.1
7752.9,NA,NA,NA,NA,915,la38,0.1
5581.1,NA,NA,NA,NA,916,la38,0.1
6303.7,NA,NA,NA,NA,917,la38,0.1
6249.5,NA,NA,NA,NA,918,la38,0.1
7326.9,NA,NA,NA,NA,919,la38,0.1
6160.3,NA,NA,NA,NA,920,la38,0.1
7348.9,NA,NA,NA,NA,921,la38,0.1
9608.9,NA,NA,NA,NA,922,la38,0.1
6986.9,NA,NA,NA,NA,923,la38,0.1
8126.7,NA,NA,NA,NA,924,la38,0.1
6478.9,NA,NA,NA,NA,925,la38,0.1
7881.9,NA,NA,NA,NA,926,la38,0.1
6083.1,NA,NA,NA,NA,927,la38,0.1
7521.3,NA,NA,NA,NA,928,la38,0.1
5724.3,NA,NA,NA,NA,929,la38,0.1
7226.9,NA,NA,NA,NA,930,la38,0.1
8187.9,NA,NA,NA,NA,931,la38,0.1
7653.7,NA,NA,NA,NA,932,la38,0.1
7368.3,NA,NA,NA,NA,933,la38,0.1
6876.7,NA,NA,NA,NA,934,la38,0.1
8216.3,NA,NA,NA,NA,935,la38,0.1
8781.7,NA,NA,NA,NA,936,la38,0.1
8305.9,NA,NA,NA,NA,937,la38,0.1
6129.5,NA,NA,NA,NA,938,la38,0.1
6660.9,NA,NA,NA,NA,939,la38,0.1
5003.5,NA,NA,NA,NA,940,la38,0.1
9493.7,NA,NA,NA,NA,941,la38,0.1
5959.7,NA,NA,NA,NA,942,la38,0.1
7718.7,NA,NA,NA,NA,943,la38,0.1
9578.9,NA,NA,NA,NA,944,la38,0.1
7590.7,NA,NA,NA,NA,945,la38,0.1
8708.9,NA,NA,NA,NA,946,la38,0.1
6205.1,NA,NA,NA,NA,947,la38,0.1
10688.9,NA,NA,NA,NA,948,la38,0.1
6452.7,NA,NA,NA,NA,949,la38,0.1
7592.7,NA,NA,NA,NA,950,la38,0.1
6727.5,NA,NA,NA,NA,951,la38,0.1
7247.9,NA,NA,NA,NA,952,la38,0.1
6286.5,NA,NA,NA,NA,953,la38,0.1
6238.3,NA,NA,NA,NA,954,la38,0.1
6071.1,NA,NA,NA,NA,955,la38,0.1
5234.5,NA,NA,NA,NA,956,la38,0.1
7361.7,NA,NA,NA,NA,957,la38,0.1
6680.1,NA,NA,NA,NA,958,la38,0.1
7597.7,NA,NA,NA,NA,959,la38,0.1
7544.9,NA,NA,NA,NA,960,la38,0.1
8836.7,NA,NA,NA,NA,961,la38,0.1
7811.7,NA,NA,NA,NA,962,la38,0.1
7315.1,NA,NA,NA,NA,963,la38,0.1
6165.3,NA,NA,NA,NA,964,la38,0.1
7127.3,NA,NA,NA,NA,965,la38,0.1
7709.7,NA,NA,NA,NA,966,la38,0.1
8104.7,NA,NA,NA,NA,967,la38,0.1
6937.7,NA,NA,NA,NA,968,la38,0.1
9717.9,NA,NA,NA,NA,969,la38,0.1
7002.9,NA,NA,NA,NA,970,la38,0.1
8701.1,NA,NA,NA,NA,971,la38,0.1
8555.9,NA,NA,NA,NA,972,la38,0.1
7074.9,NA,NA,NA,NA,973,la38,0.1
7529.7,NA,NA,NA,NA,974,la38,0.1
6815.5,NA,NA,NA,NA,975,la38,0.1
5613.9,NA,NA,NA,NA,976,la38,0.1
6582.9,NA,NA,NA,NA,977,la38,0.1
6550.9,NA,NA,NA,NA,978,la38,0.1
7143.7,NA,NA,NA,NA,979,la38,0.1
8626.9,NA,NA,NA,NA,980,la38,0.1
8009.1,NA,NA,NA,NA,981,la38,0.1
7610.9,NA,NA,NA,NA,982,la38,0.1
7621.9,NA,NA,NA,NA,983,la38,0.1
8409.7,NA,NA,NA,NA,984,la38,0.1
6659.5,NA,NA,NA,NA,985,la38,0.1
7084.9,NA,NA,NA,NA,986,la38,0.1
6695.9,NA,NA,NA,NA,987,la38,0.1
8247.3,NA,NA,NA,NA,988,la38,0.1
8182.7,NA,NA,NA,NA,989,la38,0.1
8585.9,NA,NA,NA,NA,990,la38,0.1
7736.9,NA,NA,NA,NA,991,la38,0.1
8439.7,NA,NA,NA,NA,992,la38,0.1
6958.9,NA,NA,NA,NA,993,la38,0.1
7035.9,NA,NA,NA,NA,994,la38,0.1
8192.9,NA,NA,NA,NA,995,la38,0.1
7473.9,NA,NA,NA,NA,996,la38,0.1
6534.7,NA,NA,NA,NA,997,la38,0.1
7196.3,NA,NA,NA,NA,998,la38,0.1
7203.9,NA,NA,NA,NA,999,la38,0.1
objective,nbhOperator,Nsize,neighborIdx,lsIter,globalIter,instance,alpha
6062.1,NA,NA,NA,NA,0,la38,0.2
5774.5,NA,NA,NA,NA,1,la38,0.2
7203.7,NA,NA,NA,NA,2,la38,0.2
7573.3,NA,NA,NA,NA,3,la38,0.2
6552.5,NA,NA,NA,NA,4,la38,0.2
7574.9,NA,NA,NA,NA,5,la38,0.2
8125.7,NA,NA,NA,NA,6,la38,0.2
9715.5,NA,NA,NA,NA,7,la38,0.2
7528.7,NA,NA,NA,NA,8,la38,0.2
7236.9,NA,NA,NA,NA,9,la38,0.2
7354.5,NA,NA,NA,NA,10,la38,0.2
6291.5,NA,NA,NA,NA,11,la38,0.2
7489.7,NA,NA,NA,NA,12,la38,0.2
6298.3,NA,NA,NA,NA,13,la38,0.2
8555.7,NA,NA,NA,NA,14,la38,0.2
6409.7,NA,NA,NA,NA,15,la38,0.2
7386.9,NA,NA,NA,NA,16,la38,0.2
6928.7,NA,NA,NA,NA,17,la38,0.2
7047.5,NA,NA,NA,NA,18,la38,0.2
8354.9,NA,NA,NA,NA,19,la38,0.2
6548.5,NA,NA,NA,NA,20,la38,0.2
5407.3,NA,NA,NA,NA,21,la38,0.2
6233.5,NA,NA,NA,NA,22,la38,0.2
6907.9,NA,NA,NA,NA,23,la38,0.2
7577.7,NA,NA,NA,NA,24,la38,0.2
6162.5,NA,NA,NA,NA,25,la38,0.2
5714.1,NA,NA,NA,NA,26,la38,0.2
7431.1,NA,NA,NA,NA,27,la38,0.2
8735.7,NA,NA,NA,NA,28,la38,0.2
7540.1,NA,NA,NA,NA,29,la38,0.2
6979.7,NA,NA,NA,NA,30,la38,0.2
7907.7,NA,NA,NA,NA,31,la38,0.2
7154.7,NA,NA,NA,NA,32,la38,0.2
9003.9,NA,NA,NA,NA,33,la38,0.2
5525.9,NA,NA,NA,NA,34,la38,0.2
6441.9,NA,NA,NA,NA,35,la38,0.2
7084.7,NA,NA,NA,NA,36,la38,0.2
7480.9,NA,NA,NA,NA,37,la38,0.2
6839.9,NA,NA,NA,NA,38,la38,0.2
6528.7,NA,NA,NA,NA,39,la38,0.2
9965.7,NA,NA,NA,NA,40,la38,0.2
7476.5,NA,NA,NA,NA,41,la38,0.2
6103.9,NA,NA,NA,NA,42,la38,0.2
6290.5,NA,NA,NA,NA,43,la38,0.2
7509.9,NA,NA,NA,NA,44,la38,0.2
6905.7,NA,NA,NA,NA,45,la38,0.2
8963.9,NA,NA,NA,NA,46,la38,0.2
7280.9,NA,NA,NA,NA,47,la38,0.2
5401.5,NA,NA,NA,NA,48,la38,0.2
8419.9,NA,NA,NA,NA,49,la38,0.2
7614.9,NA,NA,NA,NA,50,la38,0.2
8360.7,NA,NA,NA,NA,51,la38,0.2
9282.9,NA,NA,NA,NA,52,la38,0.2
7353.9,NA,NA,NA,NA,53,la38,0.2
8835.9,NA,NA,NA,NA,54,la38,0.2
7775.1,NA,NA,NA,NA,55,la38,0.2
6540.7,NA,NA,NA,NA,56,la38,0.2
7345.5,NA,NA,NA,NA,57,la38,0.2
7438.3,NA,NA,NA,NA,58,la38,0.2
5913.9,NA,NA,NA,NA,59,la38,0.2
6123.7,NA,NA,NA,NA,60,la38,0.2
8064.1,NA,NA,NA,NA,61,la38,0.2
7660.5,NA,NA,NA,NA,62,la38,0.2
6748.5,NA,NA,NA,NA,63,la38,0.2
7033.7,NA,NA,NA,NA,64,la38,0.2
7103.5,NA,NA,NA,NA,65,la38,0.2
6741.5,NA,NA,NA,NA,66,la38,0.2
6670.7,NA,NA,NA,NA,67,la38,0.2
7782.1,NA,NA,NA,NA,68,la38,0.2
10340.5,NA,NA,NA,NA,69,la38,0.2
7363.7,NA,NA,NA,NA,70,la38,0.2
7116.9,NA,NA,NA,NA,71,la38,0.2
6620.9,NA,NA,NA,NA,72,la38,0.2
6899.9,NA,NA,NA,NA,73,la38,0.2
7517.7,NA,NA,NA,NA,74,la38,0.2
6977.9,NA,NA,NA,NA,75,la38,0.2
5604.5,NA,NA,NA,NA,76,la38,0.2
7446.7,NA,NA,NA,NA,77,la38,0.2
5600.3,NA,NA,NA,NA,78,la38,0.2
7527.3,NA,NA,NA,NA,79,la38,0.2
7613.7,NA,NA,NA,NA,80,la38,0.2
8624.9,NA,NA,NA,NA,81,la38,0.2
7610.7,NA,NA,NA,NA,82,la38,0.2
7635.9,NA,NA,NA,NA,83,la38,0.2
6622.9,NA,NA,NA,NA,84,la38,0.2
4927.7,NA,NA,NA,NA,85,la38,0.2
7129.1,NA,NA,NA,NA,86,la38,0.2
7458.3,NA,NA,NA,NA,87,la38,0.2
8831.3,NA,NA,NA,NA,88,la38,0.2
6770.1,NA,NA,NA,NA,89,la38,0.2
8259.7,NA,NA,NA,NA,90,la38,0.2
11691.7,NA,NA,NA,NA,91,la38,0.2
6550.7,NA,NA,NA,NA,92,la38,0.2
8004.3,NA,NA,NA,NA,93,la38,0.2
8684.7,NA,NA,NA,NA,94,la38,0.2
7507.7,NA,NA,NA,NA,95,la38,0.2
8156.1,NA,NA,NA,NA,96,la38,0.2
4791.7,NA,NA,NA,NA,97,la38,0.2
9150.9,NA,NA,NA,NA,98,la38,0.2
7109.9,NA,NA,NA,NA,99,la38,0.2
6872.9,NA,NA,NA,NA,100,la38,0.2
6281.7,NA,NA,NA,NA,101,la38,0.2
6212.1,NA,NA,NA,NA,102,la38,0.2
6764.9,NA,NA,NA,NA,103,la38,0.2
5779.7,NA,NA,NA,NA,104,la38,0.2
6107.5,NA,NA,NA,NA,105,la38,0.2
7313.7,NA,NA,NA,NA,106,la38,0.2
6666.9,NA,NA,NA,NA,107,la38,0.2
7598.9,NA,NA,NA,NA,108,la38,0.2
7346.9,NA,NA,NA,NA,109,la38,0.2
6238.9,NA,NA,NA,NA,110,la38,0.2
8013.5,NA,NA,NA,NA,111,la38,0.2
8950.9,NA,NA,NA,NA,112,la38,0.2
6882.9,NA,NA,NA,NA,113,la38,0.2
6516.7,NA,NA,NA,NA,114,la38,0.2
7273.7,NA,NA,NA,NA,115,la38,0.2
6677.7,NA,NA,NA,NA,116,la38,0.2
6818.1,NA,NA,NA,NA,117,la38,0.2
6093.7,NA,NA,NA,NA,118,la38,0.2
7639.7,NA,NA,NA,NA,119,la38,0.2
8638.9,NA,NA,NA,NA,120,la38,0.2
8869.9,NA,NA,NA,NA,121,la38,0.2
10179.9,NA,NA,NA,NA,122,la38,0.2
6666.9,NA,NA,NA,NA,123,la38,0.2
10229.9,NA,NA,NA,NA,124,la38,0.2
6498.3,NA,NA,NA,NA,125,la38,0.2
7186.9,NA,NA,NA,NA,126,la38,0.2
6298.7,NA,NA,NA,NA,127,la38,0.2
5845.9,NA,NA,NA,NA,128,la38,0.2
7757.7,NA,NA,NA,NA,129,la38,0.2
7435.3,NA,NA,NA,NA,130,la38,0.2
6592.7,NA,NA,NA,NA,131,la38,0.2
6607.7,NA,NA,NA,NA,132,la38,0.2
8155.7,NA,NA,NA,NA,133,la38,0.2
6745.9,NA,NA,NA,NA,134,la38,0.2
6803.7,NA,NA,NA,NA,135,la38,0.2
10221.7,NA,NA,NA,NA,136,la38,0.2
8507.9,NA,NA,NA,NA,137,la38,0.2
7200.1,NA,NA,NA,NA,138,la38,0.2
7047.9,NA,NA,NA,NA,139,la38,0.2
6733.7,NA,NA,NA,NA,140,la38,0.2
6198.9,NA,NA,NA,NA,141,la38,0.2
6057.7,NA,NA,NA,NA,142,la38,0.2
6248.1,NA,NA,NA,NA,143,la38,0.2
7809.5,NA,NA,NA,NA,144,la38,0.2
7749.5,NA,NA,NA,NA,145,la38,0.2
8544.1,NA,NA,NA,NA,146,la38,0.2
7717.7,NA,NA,NA,NA,147,la38,0.2
8127.5,NA,NA,NA,NA,148,la38,0.2
8223.9,NA,NA,NA,NA,149,la38,0.2
9975.9,NA,NA,NA,NA,150,la38,0.2
6007.9,NA,NA,NA,NA,151,la38,0.2
7417.7,NA,NA,NA,NA,152,la38,0.2
6214.9,NA,NA,NA,NA,153,la38,0.2
7310.7,NA,NA,NA,NA,154,la38,0.2
5752.3,NA,NA,NA,NA,155,la38,0.2
6925.5,NA,NA,NA,NA,156,la38,0.2
9064.9,NA,NA,NA,NA,157,la38,0.2
6085.7,NA,NA,NA,NA,158,la38,0.2
8109.9,NA,NA,NA,NA,159,la38,0.2
7981.7,NA,NA,NA,NA,160,la38,0.2
6889.7,NA,NA,NA,NA,161,la38,0.2
7299.9,NA,NA,NA,NA,162,la38,0.2
7556.3,NA,NA,NA,NA,163,la38,0.2
6834.7,NA,NA,NA,NA,164,la38,0.2
7314.9,NA,NA,NA,NA,165,la38,0.2
7147.7,NA,NA,NA,NA,166,la38,0.2
7407.9,NA,NA,NA,NA,167,la38,0.2
6180.7,NA,NA,NA,NA,168,la38,0.2
6909.1,NA,NA,NA,NA,169,la38,0.2
8574.3,NA,NA,NA,NA,170,la38,0.2
6491.7,NA,NA,NA,NA,171,la38,0.2
6608.9,NA,NA,NA,NA,172,la38,0.2
6064.1,NA,NA,NA,NA,173,la38,0.2
6913.9,NA,NA,NA,NA,174,la38,0.2
6188.9,NA,NA,NA,NA,175,la38,0.2
6474.5,NA,NA,NA,NA,176,la38,0.2
7833.7,NA,NA,NA,NA,177,la38,0.2
5524.7,NA,NA,NA,NA,178,la38,0.2
8753.9,NA,NA,NA,NA,179,la38,0.2
7956.5,NA,NA,NA,NA,180,la38,0.2
6546.7,NA,NA,NA,NA,181,la38,0.2
8824.7,NA,NA,NA,NA,182,la38,0.2
7726.7,NA,NA,NA,NA,183,la38,0.2
7479.9,NA,NA,NA,NA,184,la38,0.2
8647.7,NA,NA,NA,NA,185,la38,0.2
6882.7,NA,NA,NA,NA,186,la38,0.2
6736.9,NA,NA,NA,NA,187,la38,0.2
7387.5,NA,NA,NA,NA,188,la38,0.2
6465.7,NA,NA,NA,NA,189,la38,0.2
9163.9,NA,NA,NA,NA,190,la38,0.2
7274.1,NA,NA,NA,NA,191,la38,0.2
6932.9,NA,NA,NA,NA,192,la38,0.2
7112.9,NA,NA,NA,NA,193,la38,0.2
8160.5,NA,NA,NA,NA,194,la38,0.2
6275.7,NA,NA,NA,NA,195,la38,0.2
7432.5,NA,NA,NA,NA,196,la38,0.2
7859.7,NA,NA,NA,NA,197,la38,0.2
8524.9,NA,NA,NA,NA,198,la38,0.2
7858.9,NA,NA,NA,NA,199,la38,0.2
6420.7,NA,NA,NA,NA,200,la38,0.2
7275.3,NA,NA,NA,NA,201,la38,0.2
7058.3,NA,NA,NA,NA,202,la38,0.2
8866.9,NA,NA,NA,NA,203,la38,0.2
7973.7,NA,NA,NA,NA,204,la38,0.2
7757.1,NA,NA,NA,NA,205,la38,0.2
7098.9,NA,NA,NA,NA,206,la38,0.2
5794.9,NA,NA,NA,NA,207,la38,0.2
6667.9,NA,NA,NA,NA,208,la38,0.2
7812.7,NA,NA,NA,NA,209,la38,0.2
10187.5,NA,NA,NA,NA,210,la38,0.2
8742.7,NA,NA,NA,NA,211,la38,0.2
7542.7,NA,NA,NA,NA,212,la38,0.2
9454.9,NA,NA,NA,NA,213,la38,0.2
7601.9,NA,NA,NA,NA,214,la38,0.2
6734.9,NA,NA,NA,NA,215,la38,0.2
7218.1,NA,NA,NA,NA,216,la38,0.2
7309.7,NA,NA,NA,NA,217,la38,0.2
9512.9,NA,NA,NA,NA,218,la38,0.2
7660.9,NA,NA,NA,NA,219,la38,0.2
5570.1,NA,NA,NA,NA,220,la38,0.2
7009.9,NA,NA,NA,NA,221,la38,0.2
6747.7,NA,NA,NA,NA,222,la38,0.2
6637.7,NA,NA,NA,NA,223,la38,0.2
7466.5,NA,NA,NA,NA,224,la38,0.2
7835.3,NA,NA,NA,NA,225,la38,0.2
7344.7,NA,NA,NA,NA,226,la38,0.2
6541.3,NA,NA,NA,NA,227,la38,0.2
6370.9,NA,NA,NA,NA,228,la38,0.2
6228.5,NA,NA,NA,NA,229,la38,0.2
6644.1,NA,NA,NA,NA,230,la38,0.2
5132.3,NA,NA,NA,NA,231,la38,0.2
8250.7,NA,NA,NA,NA,232,la38,0.2
7202.5,NA,NA,NA,NA,233,la38,0.2
6610.1,NA,NA,NA,NA,234,la38,0.2
9291.5,NA,NA,NA,NA,235,la38,0.2
8999.7,NA,NA,NA,NA,236,la38,0.2
6741.1,NA,NA,NA,NA,237,la38,0.2
5650.9,NA,NA,NA,NA,238,la38,0.2
6487.7,NA,NA,NA,NA,239,la38,0.2
6155.9,NA,NA,NA,NA,240,la38,0.2
8328.7,NA,NA,NA,NA,241,la38,0.2
6062.1,NA,NA,NA,NA,242,la38,0.2
5365.9,NA,NA,NA,NA,243,la38,0.2
6362.7,NA,NA,NA,NA,244,la38,0.2
8408.9,NA,NA,NA,NA,245,la38,0.2
8429.7,NA,NA,NA,NA,246,la38,0.2
6622.5,NA,NA,NA,NA,247,la38,0.2
6248.7,NA,NA,NA,NA,248,la38,0.2
5482.9,NA,NA,NA,NA,249,la38,0.2
7042.9,NA,NA,NA,NA,250,la38,0.2
7527.3,NA,NA,NA,NA,251,la38,0.2
6936.9,NA,NA,NA,NA,252,la38,0.2
6734.7,NA,NA,NA,NA,253,la38,0.2
8742.5,NA,NA,NA,NA,254,la38,0.2
6616.7,NA,NA,NA,NA,255,la38,0.2
7039.9,NA,NA,NA,NA,256,la38,0.2
8720.7,NA,NA,NA,NA,257,la38,0.2
7118.7,NA,NA,NA,NA,258,la38,0.2
6520.7,NA,NA,NA,NA,259,la38,0.2
6287.7,NA,NA,NA,NA,260,la38,0.2
7749.7,NA,NA,NA,NA,261,la38,0.2
6735.5,NA,NA,NA,NA,262,la38,0.2
5701.5,NA,NA,NA,NA,263,la38,0.2
6644.7,NA,NA,NA,NA,264,la38,0.2
6268.5,NA,NA,NA,NA,265,la38,0.2
5554.7,NA,NA,NA,NA,266,la38,0.2
6537.3,NA,NA,NA,NA,267,la38,0.2
5931.5,NA,NA,NA,NA,268,la38,0.2
8722.5,NA,NA,NA,NA,269,la38,0.2
7894.3,NA,NA,NA,NA,270,la38,0.2
8426.3,NA,NA,NA,NA,271,la38,0.2
8310.9,NA,NA,NA,NA,272,la38,0.2
7090.3,NA,NA,NA,NA,273,la38,0.2
7533.5,NA,NA,NA,NA,274,la38,0.2
6751.7,NA,NA,NA,NA,275,la38,0.2
6877.7,NA,NA,NA,NA,276,la38,0.2
6868.9,NA,NA,NA,NA,277,la38,0.2
7555.9,NA,NA,NA,NA,278,la38,0.2
6533.7,NA,NA,NA,NA,279,la38,0.2
8643.9,NA,NA,NA,NA,280,la38,0.2
5037.7,NA,NA,NA,NA,281,la38,0.2
6964.3,NA,NA,NA,NA,282,la38,0.2
7529.9,NA,NA,NA,NA,283,la38,0.2
6587.7,NA,NA,NA,NA,284,la38,0.2
5062.1,NA,NA,NA,NA,285,la38,0.2
7404.7,NA,NA,NA,NA,286,la38,0.2
7069.9,NA,NA,NA,NA,287,la38,0.2
8636.7,NA,NA,NA,NA,288,la38,0.2
7737.7,NA,NA,NA,NA,289,la38,0.2
7896.7,NA,NA,NA,NA,290,la38,0.2
7034.7,NA,NA,NA,NA,291,la38,0.2
8862.3,NA,NA,NA,NA,292,la38,0.2
8471.5,NA,NA,NA,NA,293,la38,0.2
4599.5,NA,NA,NA,NA,294,la38,0.2
7919.1,NA,NA,NA,NA,295,la38,0.2
7240.5,NA,NA,NA,NA,296,la38,0.2
6810.7,NA,NA,NA,NA,297,la38,0.2
6561.7,NA,NA,NA,NA,298,la38,0.2
7885.9,NA,NA,NA,NA,299,la38,0.2
8109.7,NA,NA,NA,NA,300,la38,0.2
6557.7,NA,NA,NA,NA,301,la38,0.2
8827.9,NA,NA,NA,NA,302,la38,0.2
7426.7,NA,NA,NA,NA,303,la38,0.2
7438.5,NA,NA,NA,NA,304,la38,0.2
5943.3,NA,NA,NA,NA,305,la38,0.2
6258.7,NA,NA,NA,NA,306,la38,0.2
8238.7,NA,NA,NA,NA,307,la38,0.2
6001.1,NA,NA,NA,NA,308,la38,0.2
9681.9,NA,NA,NA,NA,309,la38,0.2
6276.3,NA,NA,NA,NA,310,la38,0.2
6389.3,NA,NA,NA,NA,311,la38,0.2
8683.9,NA,NA,NA,NA,312,la38,0.2
7527.7,NA,NA,NA,NA,313,la38,0.2
7772.3,NA,NA,NA,NA,314,la38,0.2
6280.7,NA,NA,NA,NA,315,la38,0.2
6810.7,NA,NA,NA,NA,316,la38,0.2
7056.3,NA,NA,NA,NA,317,la38,0.2
6882.7,NA,NA,NA,NA,318,la38,0.2
6910.9,NA,NA,NA,NA,319,la38,0.2
7609.9,NA,NA,NA,NA,320,la38,0.2
8192.3,NA,NA,NA,NA,321,la38,0.2
6454.7,NA,NA,NA,NA,322,la38,0.2
6519.9,NA,NA,NA,NA,323,la38,0.2
7179.9,NA,NA,NA,NA,324,la38,0.2
5709.5,NA,NA,NA,NA,325,la38,0.2
7140.7,NA,NA,NA,NA,326,la38,0.2
8171.7,NA,NA,NA,NA,327,la38,0.2
7991.3,NA,NA,NA,NA,328,la38,0.2
7853.5,NA,NA,NA,NA,329,la38,0.2
6346.7,NA,NA,NA,NA,330,la38,0.2
8311.5,NA,NA,NA,NA,331,la38,0.2
7756.7,NA,NA,NA,NA,332,la38,0.2
6867.7,NA,NA,NA,NA,333,la38,0.2
7962.7,NA,NA,NA,NA,334,la38,0.2
6914.9,NA,NA,NA,NA,335,la38,0.2
7032.7,NA,NA,NA,NA,336,la38,0.2
6917.5,NA,NA,NA,NA,337,la38,0.2
8176.1,NA,NA,NA,NA,338,la38,0.2
6768.3,NA,NA,NA,NA,339,la38,0.2
7940.9,NA,NA,NA,NA,340,la38,0.2
7351.9,NA,NA,NA,NA,341,la38,0.2
6758.5,NA,NA,NA,NA,342,la38,0.2
8222.9,NA,NA,NA,NA,343,la38,0.2
7168.9,NA,NA,NA,NA,344,la38,0.2
6142.9,NA,NA,NA,NA,345,la38,0.2
5560.9,NA,NA,NA,NA,346,la38,0.2
7493.7,NA,NA,NA,NA,347,la38,0.2
7423.1,NA,NA,NA,NA,348,la38,0.2
7807.9,NA,NA,NA,NA,349,la38,0.2
8420.3,NA,NA,NA,NA,350,la38,0.2
6173.9,NA,NA,NA,NA,351,la38,0.2
6499.7,NA,NA,NA,NA,352,la38,0.2
7684.7,NA,NA,NA,NA,353,la38,0.2
6334.5,NA,NA,NA,NA,354,la38,0.2
4919.7,NA,NA,NA,NA,355,la38,0.2
7219.7,NA,NA,NA,NA,356,la38,0.2
7130.1,NA,NA,NA,NA,357,la38,0.2
7174.1,NA,NA,NA,NA,358,la38,0.2
6606.7,NA,NA,NA,NA,359,la38,0.2
6550.9,NA,NA,NA,NA,360,la38,0.2
7168.7,NA,NA,NA,NA,361,la38,0.2
6660.7,NA,NA,NA,NA,362,la38,0.2
6354.9,NA,NA,NA,NA,363,la38,0.2
6073.7,NA,NA,NA,NA,364,la38,0.2
7676.9,NA,NA,NA,NA,365,la38,0.2
7035.3,NA,NA,NA,NA,366,la38,0.2
5620.7,NA,NA,NA,NA,367,la38,0.2
7685.9,NA,NA,NA,NA,368,la38,0.2
6663.9,NA,NA,NA,NA,369,la38,0.2
8568.9,NA,NA,NA,NA,370,la38,0.2
6969.7,NA,NA,NA,NA,371,la38,0.2
7912.9,NA,NA,NA,NA,372,la38,0.2
6763.7,NA,NA,NA,NA,373,la38,0.2
5715.7,NA,NA,NA,NA,374,la38,0.2
6135.9,NA,NA,NA,NA,375,la38,0.2
7838.7,NA,NA,NA,NA,376,la38,0.2
9371.9,NA,NA,NA,NA,377,la38,0.2
6353.9,NA,NA,NA,NA,378,la38,0.2
8496.7,NA,NA,NA,NA,379,la38,0.2
5683.7,NA,NA,NA,NA,380,la38,0.2
8334.9,NA,NA,NA,NA,381,la38,0.2
5766.7,NA,NA,NA,NA,382,la38,0.2
6290.7,NA,NA,NA,NA,383,la38,0.2
6688.3,NA,NA,NA,NA,384,la38,0.2
6113.3,NA,NA,NA,NA,385,la38,0.2
5863.7,NA,NA,NA,NA,386,la38,0.2
6887.3,NA,NA,NA,NA,387,la38,0.2
6732.7,NA,NA,NA,NA,388,la38,0.2
7135.7,NA,NA,NA,NA,389,la38,0.2
7683.9,NA,NA,NA,NA,390,la38,0.2
7785.9,NA,NA,NA,NA,391,la38,0.2
8223.1,NA,NA,NA,NA,392,la38,0.2
8884.7,NA,NA,NA,NA,393,la38,0.2
6208.7,NA,NA,NA,NA,394,la38,0.2
7881.9,NA,NA,NA,NA,395,la38,0.2
6764.7,NA,NA,NA,NA,396,la38,0.2
8207.7,NA,NA,NA,NA,397,la38,0.2
5540.9,NA,NA,NA,NA,398,la38,0.2
5986.1,NA,NA,NA,NA,399,la38,0.2
9306.9,NA,NA,NA,NA,400,la38,0.2
8182.7,NA,NA,NA,NA,401,la38,0.2
6832.1,NA,NA,NA,NA,402,la38,0.2
7652.5,NA,NA,NA,NA,403,la38,0.2
7710.7,NA,NA,NA,NA,404,la38,0.2
6720.5,NA,NA,NA,NA,405,la38,0.2
6716.9,NA,NA,NA,NA,406,la38,0.2
6128.5,NA,NA,NA,NA,407,la38,0.2
7065.9,NA,NA,NA,NA,408,la38,0.2
7572.9,NA,NA,NA,NA,409,la38,0.2
7101.7,NA,NA,NA,NA,410,la38,0.2
9804.9,NA,NA,NA,NA,411,la38,0.2
9539.9,NA,NA,NA,NA,412,la38,0.2
7815.9,NA,NA,NA,NA,413,la38,0.2
7129.7,NA,NA,NA,NA,414,la38,0.2
7040.7,NA,NA,NA,NA,415,la38,0.2
8391.7,NA,NA,NA,NA,416,la38,0.2
5101.3,NA,NA,NA,NA,417,la38,0.2
6876.9,NA,NA,NA,NA,418,la38,0.2
6303.7,NA,NA,NA,NA,419,la38,0.2
7003.7,NA,NA,NA,NA,420,la38,0.2
7040.3,NA,NA,NA,NA,421,la38,0.2
7710.9,NA,NA,NA,NA,422,la38,0.2
6832.1,NA,NA,NA,NA,423,la38,0.2
8022.9,NA,NA,NA,NA,424,la38,0.2
6668.7,NA,NA,NA,NA,425,la38,0.2
8709.7,NA,NA,NA,NA,426,la38,0.2
6320.7,NA,NA,NA,NA,427,la38,0.2
7738.7,NA,NA,NA,NA,428,la38,0.2
8317.9,NA,NA,NA,NA,429,la38,0.2
6663.9,NA,NA,NA,NA,430,la38,0.2
8531.9,NA,NA,NA,NA,431,la38,0.2
8815.9,NA,NA,NA,NA,432,la38,0.2
6832.9,NA,NA,NA,NA,433,la38,0.2
7652.9,NA,NA,NA,NA,434,la38,0.2
6385.5,NA,NA,NA,NA,435,la38,0.2
6604.3,NA,NA,NA,NA,436,la38,0.2
6138.3,NA,NA,NA,NA,437,la38,0.2
6385.9,NA,NA,NA,NA,438,la38,0.2
10052.9,NA,NA,NA,NA,439,la38,0.2
7413.7,NA,NA,NA,NA,440,la38,0.2
7403.3,NA,NA,NA,NA,441,la38,0.2
7888.7,NA,NA,NA,NA,442,la38,0.2
6730.7,NA,NA,NA,NA,443,la38,0.2
5695.5,NA,NA,NA,NA,444,la38,0.2
7055.3,NA,NA,NA,NA,445,la38,0.2
6589.9,NA,NA,NA,NA,446,la38,0.2
7422.1,NA,NA,NA,NA,447,la38,0.2
7215.7,NA,NA,NA,NA,448,la38,0.2
6326.1,NA,NA,NA,NA,449,la38,0.2
7164.9,NA,NA,NA,NA,450,la38,0.2
9030.7,NA,NA,NA,NA,451,la38,0.2
7159.5,NA,NA,NA,NA,452,la38,0.2
6825.7,NA,NA,NA,NA,453,la38,0.2
7756.3,NA,NA,NA,NA,454,la38,0.2
7324.7,NA,NA,NA,NA,455,la38,0.2
7032.7,NA,NA,NA,NA,456,la38,0.2
8654.9,NA,NA,NA,NA,457,la38,0.2
7380.7,NA,NA,NA,NA,458,la38,0.2
6641.5,NA,NA,NA,NA,459,la38,0.2
8358.7,NA,NA,NA,NA,460,la38,0.2
7108.7,NA,NA,NA,NA,461,la38,0.2
6660.5,NA,NA,NA,NA,462,la38,0.2
7439.9,NA,NA,NA,NA,463,la38,0.2
7016.1,NA,NA,NA,NA,464,la38,0.2
6671.9,NA,NA,NA,NA,465,la38,0.2
7963.9,NA,NA,NA,NA,466,la38,0.2
8261.9,NA,NA,NA,NA,467,la38,0.2
6996.3,NA,NA,NA,NA,468,la38,0.2
7468.7,NA,NA,NA,NA,469,la38,0.2
7608.9,NA,NA,NA,NA,470,la38,0.2
7001.9,NA,NA,NA,NA,471,la38,0.2
7146.5,NA,NA,NA,NA,472,la38,0.2
9182.7,NA,NA,NA,NA,473,la38,0.2
6649.1,NA,NA,NA,NA,474,la38,0.2
7273.5,NA,NA,NA,NA,475,la38,0.2
8241.7,NA,NA,NA,NA,476,la38,0.2
6564.9,NA,NA,NA,NA,477,la38,0.2
6516.3,NA,NA,NA,NA,478,la38,0.2
6358.7,NA,NA,NA,NA,479,la38,0.2
6121.3,NA,NA,NA,NA,480,la38,0.2
7543.7,NA,NA,NA,NA,481,la38,0.2
7071.7,NA,NA,NA,NA,482,la38,0.2
7575.3,NA,NA,NA,NA,483,la38,0.2
9751.9,NA,NA,NA,NA,484,la38,0.2
8523.9,NA,NA,NA,NA,485,la38,0.2
6209.7,NA,NA,NA,NA,486,la38,0.2
7488.9,NA,NA,NA,NA,487,la38,0.2
8916.5,NA,NA,NA,NA,488,la38,0.2
6427.5,NA,NA,NA,NA,489,la38,0.2
7932.3,NA,NA,NA,NA,490,la38,0.2
6759.7,NA,NA,NA,NA,491,la38,0.2
6071.1,NA,NA,NA,NA,492,la38,0.2
7456.7,NA,NA,NA,NA,493,la38,0.2
7005.5,NA,NA,NA,NA,494,la38,0.2
8079.9,NA,NA,NA,NA,495,la38,0.2
5088.3,NA,NA,NA,NA,496,la38,0.2
5631.7,NA,NA,NA,NA,497,la38,0.2
7730.7,NA,NA,NA,NA,498,la38,0.2
6085.9,NA,NA,NA,NA,499,la38,0.2
7347.3,NA,NA,NA,NA,500,la38,0.2
8411.3,NA,NA,NA,NA,501,la38,0.2
6269.7,NA,NA,NA,NA,502,la38,0.2
7889.7,NA,NA,NA,NA,503,la38,0.2
6286.7,NA,NA,NA,NA,504,la38,0.2
6939.5,NA,NA,NA,NA,505,la38,0.2
7644.9,NA,NA,NA,NA,506,la38,0.2
8813.3,NA,NA,NA,NA,507,la38,0.2
6940.3,NA,NA,NA,NA,508,la38,0.2
5935.3,NA,NA,NA,NA,509,la38,0.2
8412.7,NA,NA,NA,NA,510,la38,0.2
6923.9,NA,NA,NA,NA,511,la38,0.2
8847.7,NA,NA,NA,NA,512,la38,0.2
8116.7,NA,NA,NA,NA,513,la38,0.2
7570.9,NA,NA,NA,NA,514,la38,0.2
6786.5,NA,NA,NA,NA,515,la38,0.2
6360.3,NA,NA,NA,NA,516,la38,0.2
6379.7,NA,NA,NA,NA,517,la38,0.2
7428.5,NA,NA,NA,NA,518,la38,0.2
8930.7,NA,NA,NA,NA,519,la38,0.2
5388.7,NA,NA,NA,NA,520,la38,0.2
6339.9,NA,NA,NA,NA,521,la38,0.2
6129.5,NA,NA,NA,NA,522,la38,0.2
6120.9,NA,NA,NA,NA,523,la38,0.2
6889.9,NA,NA,NA,NA,524,la38,0.2
7023.9,NA,NA,NA,NA,525,la38,0.2
8042.9,NA,NA,NA,NA,526,la38,0.2
6532.7,NA,NA,NA,NA,527,la38,0.2
8115.9,NA,NA,NA,NA,528,la38,0.2
5546.7,NA,NA,NA,NA,529,la38,0.2
7369.7,NA,NA,NA,NA,530,la38,0.2
7090.1,NA,NA,NA,NA,531,la38,0.2
7362.5,NA,NA,NA,NA,532,la38,0.2
7045.7,NA,NA,NA,NA,533,la38,0.2
9522.7,NA,NA,NA,NA,534,la38,0.2
5757.9,NA,NA,NA,NA,535,la38,0.2
9190.1,NA,NA,NA,NA,536,la38,0.2
6211.9,NA,NA,NA,NA,537,la38,0.2
7491.7,NA,NA,NA,NA,538,la38,0.2
7072.7,NA,NA,NA,NA,539,la38,0.2
8274.5,NA,NA,NA,NA,540,la38,0.2
7454.7,NA,NA,NA,NA,541,la38,0.2
8444.7,NA,NA,NA,NA,542,la38,0.2
8067.9,NA,NA,NA,NA,543,la38,0.2
6710.7,NA,NA,NA,NA,544,la38,0.2
7107.7,NA,NA,NA,NA,545,la38,0.2
6881.7,NA,NA,NA,NA,546,la38,0.2
7100.5,NA,NA,NA,NA,547,la38,0.2
8420.7,NA,NA,NA,NA,548,la38,0.2
7837.7,NA,NA,NA,NA,549,la38,0.2
7727.7,NA,NA,NA,NA,550,la38,0.2
6358.1,NA,NA,NA,NA,551,la38,0.2
6900.3,NA,NA,NA,NA,552,la38,0.2
8390.9,NA,NA,NA,NA,553,la38,0.2
5660.1,NA,NA,NA,NA,554,la38,0.2
7740.7,NA,NA,NA,NA,555,la38,0.2
6699.7,NA,NA,NA,NA,556,la38,0.2
6974.7,NA,NA,NA,NA,557,la38,0.2
6877.7,NA,NA,NA,NA,558,la38,0.2
8137.7,NA,NA,NA,NA,559,la38,0.2
7492.7,NA,NA,NA,NA,560,la38,0.2
7132.3,NA,NA,NA,NA,561,la38,0.2
6824.5,NA,NA,NA,NA,562,la38,0.2
6639.9,NA,NA,NA,NA,563,la38,0.2
6627.3,NA,NA,NA,NA,564,la38,0.2
6794.1,NA,NA,NA,NA,565,la38,0.2
9465.7,NA,NA,NA,NA,566,la38,0.2
8201.5,NA,NA,NA,NA,567,la38,0.2
5839.5,NA,NA,NA,NA,568,la38,0.2
8911.9,NA,NA,NA,NA,569,la38,0.2
6836.7,NA,NA,NA,NA,570,la38,0.2
6305.9,NA,NA,NA,NA,571,la38,0.2
8626.3,NA,NA,NA,NA,572,la38,0.2
7235.7,NA,NA,NA,NA,573,la38,0.2
8750.7,NA,NA,NA,NA,574,la38,0.2
7799.7,NA,NA,NA,NA,575,la38,0.2
6669.1,NA,NA,NA,NA,576,la38,0.2
5051.3,NA,NA,NA,NA,577,la38,0.2
7072.7,NA,NA,NA,NA,578,la38,0.2
6981.7,NA,NA,NA,NA,579,la38,0.2
8351.7,NA,NA,NA,NA,580,la38,0.2
6737.3,NA,NA,NA,NA,581,la38,0.2
6241.3,NA,NA,NA,NA,582,la38,0.2
6486.7,NA,NA,NA,NA,583,la38,0.2
7391.1,NA,NA,NA,NA,584,la38,0.2
6236.7,NA,NA,NA,NA,585,la38,0.2
6148.7,NA,NA,NA,NA,586,la38,0.2
9428.7,NA,NA,NA,NA,587,la38,0.2
7369.7,NA,NA,NA,NA,588,la38,0.2
6426.7,NA,NA,NA,NA,589,la38,0.2
7523.3,NA,NA,NA,NA,590,la38,0.2
8132.7,NA,NA,NA,NA,591,la38,0.2
6150.3,NA,NA,NA,NA,592,la38,0.2
6016.7,NA,NA,NA,NA,593,la38,0.2
9083.9,NA,NA,NA,NA,594,la38,0.2
8437.9,NA,NA,NA,NA,595,la38,0.2
6425.7,NA,NA,NA,NA,596,la38,0.2
6202.7,NA,NA,NA,NA,597,la38,0.2
7377.7,NA,NA,NA,NA,598,la38,0.2
7416.9,NA,NA,NA,NA,599,la38,0.2
6607.7,NA,NA,NA,NA,600,la38,0.2
7205.7,NA,NA,NA,NA,601,la38,0.2
7970.5,NA,NA,NA,NA,602,la38,0.2
6108.7,NA,NA,NA,NA,603,la38,0.2
6784.9,NA,NA,NA,NA,604,la38,0.2
5645.9,NA,NA,NA,NA,605,la38,0.2
6886.7,NA,NA,NA,NA,606,la38,0.2
6897.7,NA,NA,NA,NA,607,la38,0.2
8712.9,NA,NA,NA,NA,608,la38,0.2
6419.1,NA,NA,NA,NA,609,la38,0.2
8089.9,NA,NA,NA,NA,610,la38,0.2
5448.1,NA,NA,NA,NA,611,la38,0.2
8416.9,NA,NA,NA,NA,612,la38,0.2
7935.9,NA,NA,NA,NA,613,la38,0.2
6554.5,NA,NA,NA,NA,614,la38,0.2
6946.5,NA,NA,NA,NA,615,la38,0.2
7252.7,NA,NA,NA,NA,616,la38,0.2
7764.9,NA,NA,NA,NA,617,la38,0.2
7352.9,NA,NA,NA,NA,618,la38,0.2
6144.3,NA,NA,NA,NA,619,la38,0.2
6242.5,NA,NA,NA,NA,620,la38,0.2
7459.9,NA,NA,NA,NA,621,la38,0.2
7900.7,NA,NA,NA,NA,622,la38,0.2
7903.7,NA,NA,NA,NA,623,la38,0.2
5452.1,NA,NA,NA,NA,624,la38,0.2
7034.9,NA,NA,NA,NA,625,la38,0.2
7361.9,NA,NA,NA,NA,626,la38,0.2
6805.9,NA,NA,NA,NA,627,la38,0.2
7960.9,NA,NA,NA,NA,628,la38,0.2
6988.9,NA,NA,NA,NA,629,la38,0.2
9240.7,NA,NA,NA,NA,630,la38,0.2
5326.3,NA,NA,NA,NA,631,la38,0.2
5716.7,NA,NA,NA,NA,632,la38,0.2
6244.1,NA,NA,NA,NA,633,la38,0.2
8360.9,NA,NA,NA,NA,634,la38,0.2
5325.3,NA,NA,NA,NA,635,la38,0.2
7411.7,NA,NA,NA,NA,636,la38,0.2
6259.9,NA,NA,NA,NA,637,la38,0.2
6363.7,NA,NA,NA,NA,638,la38,0.2
7745.9,NA,NA,NA,NA,639,la38,0.2
6041.1,NA,NA,NA,NA,640,la38,0.2
6119.1,NA,NA,NA,NA,641,la38,0.2
6895.7,NA,NA,NA,NA,642,la38,0.2
10400.3,NA,NA,NA,NA,643,la38,0.2
6796.1,NA,NA,NA,NA,644,la38,0.2
6864.7,NA,NA,NA,NA,645,la38,0.2
6507.1,NA,NA,NA,NA,646,la38,0.2
6144.5,NA,NA,NA,NA,647,la38,0.2
8066.9,NA,NA,NA,NA,648,la38,0.2
6428.7,NA,NA,NA,NA,649,la38,0.2
6340.9,NA,NA,NA,NA,650,la38,0.2
6747.3,NA,NA,NA,NA,651,la38,0.2
5848.5,NA,NA,NA,NA,652,la38,0.2
6315.9,NA,NA,NA,NA,653,la38,0.2
6700.7,NA,NA,NA,NA,654,la38,0.2
8859.9,NA,NA,NA,NA,655,la38,0.2
7998.5,NA,NA,NA,NA,656,la38,0.2
7837.7,NA,NA,NA,NA,657,la38,0.2
9032.9,NA,NA,NA,NA,658,la38,0.2
7252.1,NA,NA,NA,NA,659,la38,0.2
6766.7,NA,NA,NA,NA,660,la38,0.2
6376.1,NA,NA,NA,NA,661,la38,0.2
6790.9,NA,NA,NA,NA,662,la38,0.2
8068.9,NA,NA,NA,NA,663,la38,0.2
7094.7,NA,NA,NA,NA,664,la38,0.2
7224.9,NA,NA,NA,NA,665,la38,0.2
6736.7,NA,NA,NA,NA,666,la38,0.2
6727.5,NA,NA,NA,NA,667,la38,0.2
7093.9,NA,NA,NA,NA,668,la38,0.2
6715.9,NA,NA,NA,NA,669,la38,0.2
7666.9,NA,NA,NA,NA,670,la38,0.2
8471.5,NA,NA,NA,NA,671,la38,0.2
6509.7,NA,NA,NA,NA,672,la38,0.2
7291.3,NA,NA,NA,NA,673,la38,0.2
5941.7,NA,NA,NA,NA,674,la38,0.2
6656.9,NA,NA,NA,NA,675,la38,0.2
7030.5,NA,NA,NA,NA,676,la38,0.2
8927.7,NA,NA,NA,NA,677,la38,0.2
8327.7,NA,NA,NA,NA,678,la38,0.2
8272.9,NA,NA,NA,NA,679,la38,0.2
7149.9,NA,NA,NA,NA,680,la38,0.2
7145.7,NA,NA,NA,NA,681,la38,0.2
6337.1,NA,NA,NA,NA,682,la38,0.2
5485.5,NA,NA,NA,NA,683,la38,0.2
8499.5,NA,NA,NA,NA,684,la38,0.2
6148.5,NA,NA,NA,NA,685,la38,0.2
7129.1,NA,NA,NA,NA,686,la38,0.2
7771.7,NA,NA,NA,NA,687,la38,0.2
6580.7,NA,NA,NA,NA,688,la38,0.2
7229.5,NA,NA,NA,NA,689,la38,0.2
6589.9,NA,NA,NA,NA,690,la38,0.2
5869.9,NA,NA,NA,NA,691,la38,0.2
8494.9,NA,NA,NA,NA,692,la38,0.2
7629.9,NA,NA,NA,NA,693,la38,0.2
7990.7,NA,NA,NA,NA,694,la38,0.2
7130.7,NA,NA,NA,NA,695,la38,0.2
8879.9,NA,NA,NA,NA,696,la38,0.2
7883.9,NA,NA,NA,NA,697,la38,0.2
8291.1,NA,NA,NA,NA,698,la38,0.2
5663.5,NA,NA,NA,NA,699,la38,0.2
7679.1,NA,NA,NA,NA,700,la38,0.2
6701.7,NA,NA,NA,NA,701,la38,0.2
6688.1,NA,NA,NA,NA,702,la38,0.2
6564.9,NA,NA,NA,NA,703,la38,0.2
6109.1,NA,NA,NA,NA,704,la38,0.2
7853.1,NA,NA,NA,NA,705,la38,0.2
7286.5,NA,NA,NA,NA,706,la38,0.2
7306.5,NA,NA,NA,NA,707,la38,0.2
8980.5,NA,NA,NA,NA,708,la38,0.2
8711.7,NA,NA,NA,NA,709,la38,0.2
8308.9,NA,NA,NA,NA,710,la38,0.2
5447.7,NA,NA,NA,NA,711,la38,0.2
8108.9,NA,NA,NA,NA,712,la38,0.2
6700.1,NA,NA,NA,NA,713,la38,0.2
6492.7,NA,NA,NA,NA,714,la38,0.2
7954.9,NA,NA,NA,NA,715,la38,0.2
7482.3,NA,NA,NA,NA,716,la38,0.2
7279.5,NA,NA,NA,NA,717,la38,0.2
5181.5,NA,NA,NA,NA,718,la38,0.2
7902.7,NA,NA,NA,NA,719,la38,0.2
7251.9,NA,NA,NA,NA,720,la38,0.2
6595.5,NA,NA,NA,NA,721,la38,0.2
7107.7,NA,NA,NA,NA,722,la38,0.2
8087.7,NA,NA,NA,NA,723,la38,0.2
5356.7,NA,NA,NA,NA,724,la38,0.2
6945.7,NA,NA,NA,NA,725,la38,0.2
7264.5,NA,NA,NA,NA,726,la38,0.2
9140.5,NA,NA,NA,NA,727,la38,0.2
6146.1,NA,NA,NA,NA,728,la38,0.2
5914.5,NA,NA,NA,NA,729,la38,0.2
7789.7,NA,NA,NA,NA,730,la38,0.2
7036.7,NA,NA,NA,NA,731,la38,0.2
6678.7,NA,NA,NA,NA,732,la38,0.2
5744.5,NA,NA,NA,NA,733,la38,0.2
6035.5,NA,NA,NA,NA,734,la38,0.2
7963.7,NA,NA,NA,NA,735,la38,0.2
5955.7,NA,NA,NA,NA,736,la38,0.2
7244.7,NA,NA,NA,NA,737,la38,0.2
7242.7,NA,NA,NA,NA,738,la38,0.2
6201,NA,NA,NA,NA,739,la38,0.2
6632.7,NA,NA,NA,NA,740,la38,0.2
5974.5,NA,NA,NA,NA,741,la38,0.2
8419.7,NA,NA,NA,NA,742,la38,0.2
7894.1,NA,NA,NA,NA,743,la38,0.2
6917.7,NA,NA,NA,NA,744,la38,0.2
6946.5,NA,NA,NA,NA,745,la38,0.2
5675.5,NA,NA,NA,NA,746,la38,0.2
6318.7,NA,NA,NA,NA,747,la38,0.2
7812.1,NA,NA,NA,NA,748,la38,0.2
8142.7,NA,NA,NA,NA,749,la38,0.2
7803.1,NA,NA,NA,NA,750,la38,0.2
6768.3,NA,NA,NA,NA,751,la38,0.2
5477.1,NA,NA,NA,NA,752,la38,0.2
6540.9,NA,NA,NA,NA,753,la38,0.2
7388.3,NA,NA,NA,NA,754,la38,0.2
7170.7,NA,NA,NA,NA,755,la38,0.2
6493.5,NA,NA,NA,NA,756,la38,0.2
6982.7,NA,NA,NA,NA,757,la38,0.2
6601.7,NA,NA,NA,NA,758,la38,0.2
7617.9,NA,NA,NA,NA,759,la38,0.2
8460.9,NA,NA,NA,NA,760,la38,0.2
7722.3,NA,NA,NA,NA,761,la38,0.2
7177.7,NA,NA,NA,NA,762,la38,0.2
7450.5,NA,NA,NA,NA,763,la38,0.2
6582.9,NA,NA,NA,NA,764,la38,0.2
7545.9,NA,NA,NA,NA,765,la38,0.2
6189.5,NA,NA,NA,NA,766,la38,0.2
6484.9,NA,NA,NA,NA,767,la38,0.2
6774.7,NA,NA,NA,NA,768,la38,0.2
6490.3,NA,NA,NA,NA,769,la38,0.2
7511.7,NA,NA,NA,NA,770,la38,0.2
6384.7,NA,NA,NA,NA,771,la38,0.2
7485.9,NA,NA,NA,NA,772,la38,0.2
8740.7,NA,NA,NA,NA,773,la38,0.2
7388.5,NA,NA,NA,NA,774,la38,0.2
5854.5,NA,NA,NA,NA,775,la38,0.2
7224.9,NA,NA,NA,NA,776,la38,0.2
6724.7,NA,NA,NA,NA,777,la38,0.2
7645.3,NA,NA,NA,NA,778,la38,0.2
7776.5,NA,NA,NA,NA,779,la38,0.2
6032.7,NA,NA,NA,NA,780,la38,0.2
6747.9,NA,NA,NA,NA,781,la38,0.2
8951.3,NA,NA,NA,NA,782,la38,0.2
8480.7,NA,NA,NA,NA,783,la38,0.2
6587.5,NA,NA,NA,NA,784,la38,0.2
6143.7,NA,NA,NA,NA,785,la38,0.2
5936.5,NA,NA,NA,NA,786,la38,0.2
7248.7,NA,NA,NA,NA,787,la38,0.2
8112.9,NA,NA,NA,NA,788,la38,0.2
6176.3,NA,NA,NA,NA,789,la38,0.2
6362.5,NA,NA,NA,NA,790,la38,0.2
6243.7,NA,NA,NA,NA,791,la38,0.2
5995.1,NA,NA,NA,NA,792,la38,0.2
7375.7,NA,NA,NA,NA,793,la38,0.2
6020.9,NA,NA,NA,NA,794,la38,0.2
5943.7,NA,NA,NA,NA,795,la38,0.2
7914.7,NA,NA,NA,NA,796,la38,0.2
7306.5,NA,NA,NA,NA,797,la38,0.2
9278.7,NA,NA,NA,NA,798,la38,0.2
6037.9,NA,NA,NA,NA,799,la38,0.2
8031.9,NA,NA,NA,NA,800,la38,0.2
8313.7,NA,NA,NA,NA,801,la38,0.2
7649.9,NA,NA,NA,NA,802,la38,0.2
9886.9,NA,NA,NA,NA,803,la38,0.2
8376.1,NA,NA,NA,NA,804,la38,0.2
8675.7,NA,NA,NA,NA,805,la38,0.2
8411.5,NA,NA,NA,NA,806,la38,0.2
8877.9,NA,NA,NA,NA,807,la38,0.2
6547.7,NA,NA,NA,NA,808,la38,0.2
6958.4,NA,NA,NA,NA,809,la38,0.2
7595.1,NA,NA,NA,NA,810,la38,0.2
7647.7,NA,NA,NA,NA,811,la38,0.2
6790.9,NA,NA,NA,NA,812,la38,0.2
5873.5,NA,NA,NA,NA,813,la38,0.2
8966.9,NA,NA,NA,NA,814,la38,0.2
7150.9,NA,NA,NA,NA,815,la38,0.2
8860.7,NA,NA,NA,NA,816,la38,0.2
7902.9,NA,NA,NA,NA,817,la38,0.2
7641.3,NA,NA,NA,NA,818,la38,0.2
6652.7,NA,NA,NA,NA,819,la38,0.2
5356.9,NA,NA,NA,NA,820,la38,0.2
9137.9,NA,NA,NA,NA,821,la38,0.2
7344.1,NA,NA,NA,NA,822,la38,0.2
8008.9,NA,NA,NA,NA,823,la38,0.2
7724.7,NA,NA,NA,NA,824,la38,0.2
4949.7,NA,NA,NA,NA,825,la38,0.2
7668.9,NA,NA,NA,NA,826,la38,0.2
5730.7,NA,NA,NA,NA,827,la38,0.2
7159.7,NA,NA,NA,NA,828,la38,0.2
6790.7,NA,NA,NA,NA,829,la38,0.2
5769.5,NA,NA,NA,NA,830,la38,0.2
7966.7,NA,NA,NA,NA,831,la38,0.2
5947.5,NA,NA,NA,NA,832,la38,0.2
7149.7,NA,NA,NA,NA,833,la38,0.2
8928.7,NA,NA,NA,NA,834,la38,0.2
6074.5,NA,NA,NA,NA,835,la38,0.2
7829.7,NA,NA,NA,NA,836,la38,0.2
7097.5,NA,NA,NA,NA,837,la38,0.2
6004.9,NA,NA,NA,NA,838,la38,0.2
8935.7,NA,NA,NA,NA,839,la38,0.2
9613.9,NA,NA,NA,NA,840,la38,0.2
7452.5,NA,NA,NA,NA,841,la38,0.2
6228.3,NA,NA,NA,NA,842,la38,0.2
7595.9,NA,NA,NA,NA,843,la38,0.2
10178.9,NA,NA,NA,NA,844,la38,0.2
7778.1,NA,NA,NA,NA,845,la38,0.2
7667.7,NA,NA,NA,NA,846,la38,0.2
9176.7,NA,NA,NA,NA,847,la38,0.2
7002.7,NA,NA,NA,NA,848,la38,0.2
8566.3,NA,NA,NA,NA,849,la38,0.2
6218.9,NA,NA,NA,NA,850,la38,0.2
8225.9,NA,NA,NA,NA,851,la38,0.2
6501.7,NA,NA,NA,NA,852,la38,0.2
6680.1,NA,NA,NA,NA,853,la38,0.2
6312.7,NA,NA,NA,NA,854,la38,0.2
7610.7,NA,NA,NA,NA,855,la38,0.2
7684.3,NA,NA,NA,NA,856,la38,0.2
9132.9,NA,NA,NA,NA,857,la38,0.2
9680.7,NA,NA,NA,NA,858,la38,0.2
8582.5,NA,NA,NA,NA,859,la38,0.2
10563.9,NA,NA,NA,NA,860,la38,0.2
8668.9,NA,NA,NA,NA,861,la38,0.2
7468.7,NA,NA,NA,NA,862,la38,0.2
7775.3,NA,NA,NA,NA,863,la38,0.2
7460.9,NA,NA,NA,NA,864,la38,0.2
9110.5,NA,NA,NA,NA,865,la38,0.2
5917.7,NA,NA,NA,NA,866,la38,0.2
4645.5,NA,NA,NA,NA,867,la38,0.2
6775.9,NA,NA,NA,NA,868,la38,0.2
8014.9,NA,NA,NA,NA,869,la38,0.2
7946.9,NA,NA,NA,NA,870,la38,0.2
9996.7,NA,NA,NA,NA,871,la38,0.2
7503.9,NA,NA,NA,NA,872,la38,0.2
8610.3,NA,NA,NA,NA,873,la38,0.2
8178.3,NA,NA,NA,NA,874,la38,0.2
6836.9,NA,NA,NA,NA,875,la38,0.2
7341.3,NA,NA,NA,NA,876,la38,0.2
8990.7,NA,NA,NA,NA,877,la38,0.2
8007.9,NA,NA,NA,NA,878,la38,0.2
6744.1,NA,NA,NA,NA,879,la38,0.2
6713.5,NA,NA,NA,NA,880,la38,0.2
6647.9,NA,NA,NA,NA,881,la38,0.2
5141.7,NA,NA,NA,NA,882,la38,0.2
7197.9,NA,NA,NA,NA,883,la38,0.2
5965.7,NA,NA,NA,NA,884,la38,0.2
6289.5,NA,NA,NA,NA,885,la38,0.2
7371.7,NA,NA,NA,NA,886,la38,0.2
6267.3,NA,NA,NA,NA,887,la38,0.2
6634.1,NA,NA,NA,NA,888,la38,0.2
5830.5,NA,NA,NA,NA,889,la38,0.2
5143.1,NA,NA,NA,NA,890,la38,0.2
7312.9,NA,NA,NA,NA,891,la38,0.2
8022.7,NA,NA,NA,NA,892,la38,0.2
7991.9,NA,NA,NA,NA,893,la38,0.2
5594.1,NA,NA,NA,NA,894,la38,0.2
5307.7,NA,NA,NA,NA,895,la38,0.2
7340.5,NA,NA,NA,NA,896,la38,0.2
5371.9,NA,NA,NA,NA,897,la38,0.2
7610.7,NA,NA,NA,NA,898,la38,0.2
6715.9,NA,NA,NA,NA,899,la38,0.2
5612.1,NA,NA,NA,NA,900,la38,0.2
5513.7,NA,NA,NA,NA,901,la38,0.2
7692.7,NA,NA,NA,NA,902,la38,0.2
8384.9,NA,NA,NA,NA,903,la38,0.2
7466.9,NA,NA,NA,NA,904,la38,0.2
8553.9,NA,NA,NA,NA,905,la38,0.2
6343.3,NA,NA,NA,NA,906,la38,0.2
5667.1,NA,NA,NA,NA,907,la38,0.2
6879.7,NA,NA,NA,NA,908,la38,0.2
7356.7,NA,NA,NA,NA,909,la38,0.2
7595.5,NA,NA,NA,NA,910,la38,0.2
8042.7,NA,NA,NA,NA,911,la38,0.2
7387.7,NA,NA,NA,NA,912,la38,0.2
7139.7,NA,NA,NA,NA,913,la38,0.2
7149.7,NA,NA,NA,NA,914,la38,0.2
8358.7,NA,NA,NA,NA,915,la38,0.2
6844.5,NA,NA,NA,NA,916,la38,0.2
6031.3,NA,NA,NA,NA,917,la38,0.2
5624.5,NA,NA,NA,NA,918,la38,0.2
6796.7,NA,NA,NA,NA,919,la38,0.2
6327.3,NA,NA,NA,NA,920,la38,0.2
7001.7,NA,NA,NA,NA,921,la38,0.2
6622.7,NA,NA,NA,NA,922,la38,0.2
10856.7,NA,NA,NA,NA,923,la38,0.2
7977.9,NA,NA,NA,NA,924,la38,0.2
7169.1,NA,NA,NA,NA,925,la38,0.2
6416.7,NA,NA,NA,NA,926,la38,0.2
7349.3,NA,NA,NA,NA,927,la38,0.2
6766.9,NA,NA,NA,NA,928,la38,0.2
6803.7,NA,NA,NA,NA,929,la38,0.2
7305.1,NA,NA,NA,NA,930,la38,0.2
7326.9,NA,NA,NA,NA,931,la38,0.2
6392.9,NA,NA,NA,NA,932,la38,0.2
7945.7,NA,NA,NA,NA,933,la38,0.2
7994.9,NA,NA,NA,NA,934,la38,0.2
6368.9,NA,NA,NA,NA,935,la38,0.2
6850.1,NA,NA,NA,NA,936,la38,0.2
7012.5,NA,NA,NA,NA,937,la38,0.2
6760.9,NA,NA,NA,NA,938,la38,0.2
9934.3,NA,NA,NA,NA,939,la38,0.2
5739.1,NA,NA,NA,NA,940,la38,0.2
6319.3,NA,NA,NA,NA,941,la38,0.2
7889.7,NA,NA,NA,NA,942,la38,0.2
8198.7,NA,NA,NA,NA,943,la38,0.2
7087.1,NA,NA,NA,NA,944,la38,0.2
9915.9,NA,NA,NA,NA,945,la38,0.2
8106.7,NA,NA,NA,NA,946,la38,0.2
6554.7,NA,NA,NA,NA,947,la38,0.2
5291.5,NA,NA,NA,NA,948,la38,0.2
6370.7,NA,NA,NA,NA,949,la38,0.2
6608.9,NA,NA,NA,NA,950,la38,0.2
7218.9,NA,NA,NA,NA,951,la38,0.2
7203.5,NA,NA,NA,NA,952,la38,0.2
6653.7,NA,NA,NA,NA,953,la38,0.2
8112.7,NA,NA,NA,NA,954,la38,0.2
8050.7,NA,NA,NA,NA,955,la38,0.2
8530.9,NA,NA,NA,NA,956,la38,0.2
7562.7,NA,NA,NA,NA,957,la38,0.2
7464.7,NA,NA,NA,NA,958,la38,0.2
8452.9,NA,NA,NA,NA,959,la38,0.2
7024.7,NA,NA,NA,NA,960,la38,0.2
6084.5,NA,NA,NA,NA,961,la38,0.2
7800.7,NA,NA,NA,NA,962,la38,0.2
7155.7,NA,NA,NA,NA,963,la38,0.2
8384.9,NA,NA,NA,NA,964,la38,0.2
6344.7,NA,NA,NA,NA,965,la38,0.2
6153.5,NA,NA,NA,NA,966,la38,0.2
6677.9,NA,NA,NA,NA,967,la38,0.2
7500.3,NA,NA,NA,NA,968,la38,0.2
8539.7,NA,NA,NA,NA,969,la38,0.2
6260.1,NA,NA,NA,NA,970,la38,0.2
7310.3,NA,NA,NA,NA,971,la38,0.2
6274.4,NA,NA,NA,NA,972,la38,0.2
8592.1,NA,NA,NA,NA,973,la38,0.2
6219.1,NA,NA,NA,NA,974,la38,0.2
10008.7,NA,NA,NA,NA,975,la38,0.2
5685.7,NA,NA,NA,NA,976,la38,0.2
7397.9,NA,NA,NA,NA,977,la38,0.2
6783.9,NA,NA,NA,NA,978,la38,0.2
7750.9,NA,NA,NA,NA,979,la38,0.2
7847.7,NA,NA,NA,NA,980,la38,0.2
7455.1,NA,NA,NA,NA,981,la38,0.2
5822.7,NA,NA,NA,NA,982,la38,0.2
7146.7,NA,NA,NA,NA,983,la38,0.2
6090.5,NA,NA,NA,NA,984,la38,0.2
6758.7,NA,NA,NA,NA,985,la38,0.2
6090.5,NA,NA,NA,NA,986,la38,0.2
8135.3,NA,NA,NA,NA,987,la38,0.2
8762.9,NA,NA,NA,NA,988,la38,0.2
7153.7,NA,NA,NA,NA,989,la38,0.2
8654.5,NA,NA,NA,NA,990,la38,0.2
8753.7,NA,NA,NA,NA,991,la38,0.2
7575.1,NA,NA,NA,NA,992,la38,0.2
8125.9,NA,NA,NA,NA,993,la38,0.2
7222.9,NA,NA,NA,NA,994,la38,0.2
7061.7,NA,NA,NA,NA,995,la38,0.2
9280.7,NA,NA,NA,NA,996,la38,0.2
7509.9,NA,NA,NA,NA,997,la38,0.2
7263.3,NA,NA,NA,NA,998,la38,0.2
7345.5,NA,NA,NA,NA,999,la38,0.2
